target,n,lags,annual_alpha_pct,alpha_ci_low_pct,alpha_ci_high_pct,alpha_p,r_squared,residual_annual_vol_pct,standardized_design_condition,alpha_q,dataset,sample
Equity-derived,231,3,0.5973694680793575,-0.1675829918423597,1.3623219280010748,0.12586572059552986,0.47082062561531624,1.5831267054334481,7.220521072820585,0.16782096079403983,DFPS,Full
Equity momentum,231,3,3.925564465658693,1.967863726821656,5.88326520449573,8.488408511393052e-05,0.7336348371581367,4.086752959623972,7.220521072820585,0.0003395363404557221,DFPS,Full
Equity value,231,3,-2.3304019854694693,-3.966361911793516,-0.6944420591454228,0.005238456566396153,0.7017884503938268,4.1134789118059745,7.220521072820585,0.010476913132792306,DFPS,Full
Equity profitability,231,3,0.1969459240488493,-1.4934122575539308,1.8873041056516295,0.8193646280474417,0.40606721486641517,3.484793971604059,7.220521072820585,0.8193646280474417,DFPS,Full
Equity-derived,231,6,0.5973694680793575,-0.0979011394364121,1.292640075595127,0.09217931875212333,0.47082062561531624,1.5831267054334481,7.220521072820585,0.12290575833616445,DFPS,Full
Equity momentum,231,6,3.925564465658693,2.0370720345167763,5.81405689680061,4.617168795243665e-05,0.7336348371581367,4.086752959623972,7.220521072820585,0.0001846867518097466,DFPS,Full
Equity value,231,6,-2.3304019854694693,-3.9688920392776876,-0.691911931661251,0.005308675951871895,0.7017884503938268,4.1134789118059745,7.220521072820585,0.01061735190374379,DFPS,Full
Equity profitability,231,6,0.1969459240488493,-1.3324082137996638,1.7263000618973625,0.8007293598455377,0.40606721486641517,3.484793971604059,7.220521072820585,0.8007293598455377,DFPS,Full
Equity-derived,231,12,0.5973694680793575,-0.07626161127221365,1.2710005474309287,0.08219163140529755,0.47082062561531624,1.5831267054334481,7.220521072820585,0.10958884187373007,DFPS,Full
Equity momentum,231,12,3.925564465658693,2.156055975212527,5.695072956104859,1.372843275592336e-05,0.7336348371581367,4.086752959623972,7.220521072820585,5.491373102369344e-05,DFPS,Full
Equity value,231,12,-2.3304019854694693,-3.932385344840229,-0.7284186260987098,0.004355345821720325,0.7017884503938268,4.1134789118059745,7.220521072820585,0.00871069164344065,DFPS,Full
Equity profitability,231,12,0.1969459240488493,-1.2951324370952049,1.6890242851929036,0.7958598212637752,0.40606721486641517,3.484793971604059,7.220521072820585,0.7958598212637752,DFPS,Full
Equity-derived,161,3,0.7886300515104153,-0.522941114493855,2.1002012175146856,0.2385887409662839,0.4645141692422289,1.7998931464215373,7.091516610537239,0.3181183212883785,DFPS,Development
Equity momentum,161,3,3.982468136734746,1.6715175049956392,6.2934187684738525,0.0007310172438868799,0.7211421804965028,4.403782903734727,7.091516610537239,0.0029240689755475197,DFPS,Development
Equity value,161,3,-1.5934583560557647,-3.473940583515155,0.28702387140362595,0.09674576947525529,0.6955052016685581,4.378548144911394,7.091516610537239,0.19349153895051058,DFPS,Development
Equity profitability,161,3,-0.023119626147736407,-2.3657514525975873,2.319512200302115,0.9845671612567274,0.47407257296514504,3.799929844049916,7.091516610537239,0.9845671612567274,DFPS,Development
Equity-derived,161,6,0.7886300515104153,-0.43861555897001214,2.015875661990843,0.20785006830936725,0.4645141692422289,1.7998931464215373,7.091516610537239,0.27713342441248967,DFPS,Development
Equity momentum,161,6,3.982468136734746,1.7841959183604077,6.1807403551090845,0.000384053815299861,0.7211421804965028,4.403782903734727,7.091516610537239,0.001536215261199444,DFPS,Development
Equity value,161,6,-1.5934583560557647,-3.455319070817617,0.2684023587060873,0.09345450621941595,0.6955052016685581,4.378548144911394,7.091516610537239,0.1869090124388319,DFPS,Development
Equity profitability,161,6,-0.023119626147736407,-2.1358781940242593,2.089638941728787,0.9828882757835916,0.47407257296514504,3.799929844049916,7.091516610537239,0.9828882757835916,DFPS,Development
Equity-derived,161,12,0.7886300515104153,-0.40479865251993774,1.9820587555407685,0.19525527803092968,0.4645141692422289,1.7998931464215373,7.091516610537239,0.2603403707079062,DFPS,Development
Equity momentum,161,12,3.982468136734746,1.9732889318958389,5.991647341573653,0.00010233484910602811,0.7211421804965028,4.403782903734727,7.091516610537239,0.00040933939642411244,DFPS,Development
Equity value,161,12,-1.5934583560557647,-3.3285889255898846,0.14167221347835524,0.07186579339303983,0.6955052016685581,4.378548144911394,7.091516610537239,0.14373158678607967,DFPS,Development
Equity profitability,161,12,-0.023119626147736407,-2.1094964260614524,2.06325717376598,0.9826719356667488,0.47407257296514504,3.799929844049916,7.091516610537239,0.9826719356667488,DFPS,Development
Equity-derived,70,3,0.19037326631935603,-0.37918403836003944,0.7599305709987515,0.5123868559196607,0.6041083733185016,0.8180300241471166,10.625819055502276,0.5123868559196607,DFPS,Evaluation
Equity momentum,70,3,2.9146067450825366,0.854685715372224,4.974527774792849,0.005550333887199263,0.8626637564040909,2.523605141892628,10.625819055502276,0.022201335548797052,DFPS,Evaluation
Equity value,70,3,-1.4378428531289045,-2.645654381109338,-0.23003132514847113,0.01963304145081076,0.8976056971221074,2.0914043353788765,10.625819055502276,0.03926608290162152,DFPS,Evaluation
Equity profitability,70,3,-0.9056440929955621,-1.8283025048494217,0.017014318858297517,0.054372567719719204,0.6012897689407136,1.3278057187169678,10.625819055502276,0.07249675695962561,DFPS,Evaluation
Equity-derived,70,6,0.19037326631935603,-0.3928262907783573,0.7735728234170693,0.5223020468958239,0.6041083733185016,0.8180300241471166,10.625819055502276,0.5223020468958239,DFPS,Evaluation
Equity momentum,70,6,2.9146067450825366,0.9531019337250668,4.876111556440007,0.003586966224141316,0.8626637564040909,2.523605141892628,10.625819055502276,0.01019192680371535,DFPS,Evaluation
Equity value,70,6,-1.4378428531289045,-2.444007906680859,-0.43167779957695007,0.005095963401857675,0.8976056971221074,2.0914043353788765,10.625819055502276,0.01019192680371535,DFPS,Evaluation
Equity profitability,70,6,-0.9056440929955621,-1.8002073115822181,-0.01108087440890615,0.04722481896069313,0.6012897689407136,1.3278057187169678,10.625819055502276,0.06296642528092418,DFPS,Evaluation
Equity-derived,70,12,0.19037326631935603,-0.41134923840177806,0.7920957710404901,0.535188148318674,0.6041083733185016,0.8180300241471166,10.625819055502276,0.535188148318674,DFPS,Evaluation
Equity momentum,70,12,2.9146067450825366,1.0044886068988708,4.824724883266202,0.0027832023052191106,0.8626637564040909,2.523605141892628,10.625819055502276,0.005566404610438221,DFPS,Evaluation
Equity value,70,12,-1.4378428531289045,-2.372175571195041,-0.5035101350627682,0.0025593035223829483,0.8976056971221074,2.0914043353788765,10.625819055502276,0.005566404610438221,DFPS,Evaluation
Equity profitability,70,12,-0.9056440929955621,-1.69340925643246,-0.11787892955866408,0.024240945282053682,0.6012897689407136,1.3278057187169678,10.625819055502276,0.032321260376071574,DFPS,Evaluation
Equity-derived,231,3,0.43204214593591,-0.5481045124790103,1.4121888043508302,0.3876126114259353,0.409129642811761,1.687007281308606,7.292542641804882,0.5168168152345803,OSBAP,Full
Equity momentum,231,3,3.9643184889273995,1.9524924587665504,5.9761445190882485,0.00011237285809826801,0.7314499985704882,4.110042434851713,7.292542641804882,0.00044949143239307203,OSBAP,Full
Equity value,231,3,-2.9489158761611383,-4.745707121035976,-1.1521246312863003,0.0012963973145611568,0.6927683522090813,4.387974452149805,7.292542641804882,0.0025927946291223135,OSBAP,Full
Equity profitability,231,3,0.28072382504146975,-1.6987367196456784,2.260184369728618,0.7810400225657479,0.36694654029734053,3.7740549700144337,7.292542641804882,0.7810400225657479,OSBAP,Full
Equity-derived,231,6,0.43204214593591,-0.4532158948268315,1.3173001866986516,0.3387892869007636,0.409129642811761,1.687007281308606,7.292542641804882,0.45171904920101813,OSBAP,Full
Equity momentum,231,6,3.9643184889273995,2.0418850509496824,5.8867519269051165,5.3045669540478653e-05,0.7314499985704882,4.110042434851713,7.292542641804882,0.00021218267816191461,OSBAP,Full
Equity value,231,6,-2.9489158761611383,-4.8484555911565534,-1.0493761611657233,0.0023440623153901745,0.6927683522090813,4.387974452149805,7.292542641804882,0.004688124630780349,OSBAP,Full
Equity profitability,231,6,0.28072382504146975,-1.4153437691671313,1.976791419250071,0.7456288063620788,0.36694654029734053,3.7740549700144337,7.292542641804882,0.7456288063620788,OSBAP,Full
Equity-derived,231,12,0.43204214593591,-0.3950366472904952,1.2591209391623153,0.3059072814223732,0.409129642811761,1.687007281308606,7.292542641804882,0.40787637522983095,OSBAP,Full
Equity momentum,231,12,3.9643184889273995,2.184269279002612,5.744367698852187,1.270739460300281e-05,0.7314499985704882,4.110042434851713,7.292542641804882,5.082957841201124e-05,OSBAP,Full
Equity value,231,12,-2.9489158761611383,-4.93252851380352,-0.9653032385187559,0.0035704438749105645,0.6927683522090813,4.387974452149805,7.292542641804882,0.007140887749821129,OSBAP,Full
Equity profitability,231,12,0.28072382504146975,-1.335656961749224,1.8971046118321637,0.7335540715207386,0.36694654029734053,3.7740549700144337,7.292542641804882,0.7335540715207386,OSBAP,Full
Equity-derived,161,3,0.5228922733363166,-1.1982708498231776,2.2440553964958108,0.5515418288898812,0.38708713816523643,1.9424255717336334,7.254879420242315,0.7353891051865084,OSBAP,Development
Equity momentum,161,3,3.9051620539568663,1.476647492490824,6.333676615422909,0.001622844401856782,0.7185142426763149,4.418195591303685,7.254879420242315,0.006491377607427128,OSBAP,Development
Equity value,161,3,-2.3691149754631105,-4.81679105602141,0.0785611050951891,0.05781587015466811,0.6870977625309145,4.740471195040653,7.254879420242315,0.11563174030933622,OSBAP,Development
Equity profitability,161,3,0.03262974151519358,-2.896929600103018,2.9621890831334055,0.9825830152386378,0.4194284492353304,4.1978145559879065,7.254879420242315,0.9825830152386378,OSBAP,Development
Equity-derived,161,6,0.5228922733363166,-1.0932825582281527,2.1390671049007857,0.5259944071298803,0.38708713816523643,1.9424255717336334,7.254879420242315,0.7013258761731738,OSBAP,Development
Equity momentum,161,6,3.9051620539568663,1.633143866384783,6.17718024152895,0.0007547898118525451,0.7185142426763149,4.418195591303685,7.254879420242315,0.0030191592474101804,OSBAP,Development
Equity value,161,6,-2.3691149754631105,-4.892716590060634,0.1544866391344133,0.0657660044849218,0.6870977625309145,4.740471195040653,7.254879420242315,0.1315320089698436,OSBAP,Development
Equity profitability,161,6,0.03262974151519358,-2.513083100800494,2.5783425838308816,0.9799573717232671,0.4194284492353304,4.1978145559879065,7.254879420242315,0.9799573717232671,OSBAP,Development
Equity-derived,161,12,0.5228922733363166,-1.0342187726100673,2.0800033192827003,0.5104185516906039,0.38708713816523643,1.9424255717336334,7.254879420242315,0.6805580689208052,OSBAP,Development
Equity momentum,161,12,3.9051620539568663,1.8916917641593636,5.9186323437543695,0.0001438486000583963,0.7185142426763149,4.418195591303685,7.254879420242315,0.0005753944002335852,OSBAP,Development
Equity value,161,12,-2.3691149754631105,-4.9327266349452294,0.19449668401900855,0.07009469406708882,0.6870977625309145,4.740471195040653,7.254879420242315,0.14018938813417764,OSBAP,Development
Equity profitability,161,12,0.03262974151519358,-2.3714298077075746,2.436689290737962,0.9787766799845579,0.4194284492353304,4.1978145559879065,7.254879420242315,0.9787766799845579,OSBAP,Development
Equity-derived,70,3,0.3004890568038651,-0.24519508244820648,0.8461731960559367,0.28045265736887937,0.6228466565994004,0.810574977887847,10.446585059395858,0.28045265736887937,OSBAP,Evaluation
Equity momentum,70,3,2.968707609058998,0.9223513676020554,5.015063850515941,0.004463107296595434,0.8581985389711562,2.6021911350353455,10.446585059395858,0.017852429186381736,OSBAP,Evaluation
Equity value,70,3,-1.2658010013162273,-2.4533662110199597,-0.07823579161249516,0.03669663964159599,0.8899077710024574,2.146205803789693,10.446585059395858,0.07339327928319198,OSBAP,Evaluation
Equity profitability,70,3,-0.8014394373311758,-1.752965528999166,0.15008665433681423,0.09877039914457027,0.6157164327225991,1.3221516587860676,10.446585059395858,0.1316938655260937,OSBAP,Evaluation
Equity-derived,70,6,0.3004890568038651,-0.25531586173000914,0.8562939753377394,0.2893039645375518,0.6228466565994004,0.810574977887847,10.446585059395858,0.2893039645375518,OSBAP,Evaluation
Equity momentum,70,6,2.968707609058998,1.0536857925133691,4.883729425604627,0.002378113902519006,0.8581985389711562,2.6021911350353455,10.446585059395858,0.009512455610076024,OSBAP,Evaluation
Equity value,70,6,-1.2658010013162273,-2.250747540369728,-0.2808544622627267,0.011772611597961547,0.8899077710024574,2.146205803789693,10.446585059395858,0.023545223195923094,OSBAP,Evaluation
Equity profitability,70,6,-0.8014394373311758,-1.7149181933960744,0.11203931873372275,0.08550453335129495,0.6157164327225991,1.3221516587860676,10.446585059395858,0.11400604446839326,OSBAP,Evaluation
Equity-derived,70,12,0.3004890568038651,-0.2672031386612291,0.8681812522689594,0.2995210307407612,0.6228466565994004,0.810574977887847,10.446585059395858,0.2995210307407612,OSBAP,Evaluation
Equity momentum,70,12,2.968707609058998,1.127801995753702,4.809613222364295,0.0015735631008409405,0.8581985389711562,2.6021911350353455,10.446585059395858,0.006294252403363762,OSBAP,Evaluation
Equity value,70,12,-1.2658010013162273,-2.24067457088345,-0.2909274317490045,0.010930447260040598,0.8899077710024574,2.146205803789693,10.446585059395858,0.021860894520081196,OSBAP,Evaluation
Equity profitability,70,12,-0.8014394373311758,-1.5734258446467797,-0.02945303001557198,0.04187317143589217,0.6157164327225991,1.3221516587860676,10.446585059395858,0.05583089524785623,OSBAP,Evaluation
Equity-derived,231,3,0.6725165237864613,-0.12252960969498516,1.4675626572679077,0.09733120239889508,0.49942652587611447,1.5011720758018596,7.003399679741184,0.1297749365318601,ICE,Full
Equity momentum,231,3,3.8777384844705316,1.719096473601443,6.03638049533962,0.0004300811910851756,0.7089925233390604,4.100671312455936,7.003399679741184,0.0017203247643407023,ICE,Full
Equity value,231,3,-2.0058430092171644,-3.61578802200803,-0.39589799642629897,0.014606986586127137,0.6967862865000893,3.9460961026256265,7.003399679741184,0.029213973172254274,ICE,Full
Equity profitability,231,3,0.14565409610601696,-1.556607206866173,1.8479153990782067,0.8668133767145997,0.4305880654317453,3.304140206773494,7.003399679741184,0.8668133767145997,ICE,Full
Equity-derived,231,6,0.6725165237864613,-0.046660464976792104,1.3916935125497147,0.0668271889146345,0.49942652587611447,1.5011720758018596,7.003399679741184,0.08910291855284601,ICE,Full
Equity momentum,231,6,3.8777384844705316,1.749793664990559,6.005683303950504,0.00035467987577603757,0.7089925233390604,4.100671312455936,7.003399679741184,0.0014187195031041503,ICE,Full
Equity value,231,6,-2.0058430092171644,-3.595164342365157,-0.4165216760691719,0.01337341517375801,0.6967862865000893,3.9460961026256265,7.003399679741184,0.02674683034751602,ICE,Full
Equity profitability,231,6,0.14565409610601696,-1.4432912669622444,1.7345994591742782,0.8574135168708247,0.4305880654317453,3.304140206773494,7.003399679741184,0.8574135168708247,ICE,Full
Equity-derived,231,12,0.6725165237864613,-0.004786344861334002,1.3498193924342567,0.05163682879680905,0.49942652587611447,1.5011720758018596,7.003399679741184,0.06884910506241207,ICE,Full
Equity momentum,231,12,3.8777384844705316,1.8807436879739379,5.874733280967125,0.00014128805444140187,0.7089925233390604,4.100671312455936,7.003399679741184,0.0005651522177656075,ICE,Full
Equity value,231,12,-2.0058430092171644,-3.555497410578439,-0.45618860785588966,0.011181126533236246,0.6967862865000893,3.9460961026256265,7.003399679741184,0.022362253066472493,ICE,Full
Equity profitability,231,12,0.14565409610601696,-1.3971269392869312,1.688435131498965,0.8531947001223327,0.4305880654317453,3.304140206773494,7.003399679741184,0.8531947001223327,ICE,Full
Equity-derived,161,3,0.9873937710709362,-0.32194206384343227,2.2967296059853046,0.13938868036061616,0.4897269379891661,1.7054179524131008,6.764259212025084,0.2787773607212323,ICE,Development
Equity momentum,161,3,3.810548881735372,1.235536394989257,6.385561368481487,0.0037263612790928127,0.6869825890174482,4.378638682675192,6.764259212025084,0.014905445116371251,ICE,Development
Equity value,161,3,-0.8175087110631082,-2.7397676106747593,1.1047501885485431,0.40452928323955506,0.7003137957195813,4.123151683240767,6.764259212025084,0.53937237765274,ICE,Development
Equity profitability,161,3,-0.03085885745945573,-2.2809076683568636,2.2191899534379522,0.9785547192603834,0.525155934894168,3.4850518291313337,6.764259212025084,0.9785547192603834,ICE,Development
Equity-derived,161,6,0.9873937710709362,-0.21787974572708313,2.1926672878689555,0.10834274027934786,0.4897269379891661,1.7054179524131008,6.764259212025084,0.21668548055869571,ICE,Development
Equity momentum,161,6,3.810548881735372,1.286917689093126,6.334180074377619,0.003081429446482722,0.6869825890174482,4.378638682675192,6.764259212025084,0.012325717785930888,ICE,Development
Equity value,161,6,-0.8175087110631082,-2.592271252775966,0.9572538306497499,0.366613671528896,0.7003137957195813,4.123151683240767,6.764259212025084,0.4888182287051947,ICE,Development
Equity profitability,161,6,-0.03085885745945573,-2.1299528036629125,2.068235088744001,0.9770129094256297,0.525155934894168,3.4850518291313337,6.764259212025084,0.9770129094256297,ICE,Development
Equity-derived,161,12,0.9873937710709362,-0.15019744313046157,2.124984985272334,0.08890187076765672,0.4897269379891661,1.7054179524131008,6.764259212025084,0.17780374153531345,ICE,Development
Equity momentum,161,12,3.810548881735372,1.488859657970791,6.132238105499953,0.00129577192335968,0.6869825890174482,4.378638682675192,6.764259212025084,0.00518308769343872,ICE,Development
Equity value,161,12,-0.8175087110631082,-2.284524172533884,0.6495067504076676,0.274732385929099,0.7003137957195813,4.123151683240767,6.764259212025084,0.36630984790546534,ICE,Development
Equity profitability,161,12,-0.03085885745945573,-2.039159985848115,1.9774422709292034,0.9759739987660975,0.525155934894168,3.4850518291313337,6.764259212025084,0.9759739987660975,ICE,Development
Equity-derived,70,3,0.3437140736704764,-0.1958612272159433,0.8832893745568962,0.21183456435787773,0.6711885342472085,0.7505941123539237,10.731615161482646,0.21183456435787773,ICE,Evaluation
Equity momentum,70,3,3.669365091251932,1.6153751635212403,5.723355018982624,0.00046272318300832676,0.8776567096563769,2.4573240332377297,10.731615161482646,0.0015571269334157436,ICE,Evaluation
Equity value,70,3,-1.7255731040102567,-2.7320659205658764,-0.7190802874546371,0.0007785634667078718,0.9208311239636929,1.7628837938084545,10.731615161482646,0.0015571269334157436,ICE,Evaluation
Equity profitability,70,3,-0.912649766230246,-1.8833007871217315,0.05800125466123951,0.06534650464628851,0.6343379326334186,1.280076302757695,10.731615161482646,0.087128672861718,ICE,Evaluation
Equity-derived,70,6,0.3437140736704764,-0.20385189156783673,0.8912800389087896,0.21857851046924226,0.6711885342472085,0.7505941123539237,10.731615161482646,0.21857851046924226,ICE,Evaluation
Equity momentum,70,6,3.669365091251932,1.6684391227893896,5.670291059714475,0.00032524779990374814,0.8776567096563769,2.4573240332377297,10.731615161482646,0.0006504955998074963,ICE,Evaluation
Equity value,70,6,-1.7255731040102567,-2.539628724362461,-0.9115174836580521,3.257734122017831e-05,0.9208311239636929,1.7628837938084545,10.731615161482646,0.00013030936488071324,ICE,Evaluation
Equity profitability,70,6,-0.912649766230246,-1.865155904838914,0.03985637237842199,0.060383030249607346,0.6343379326334186,1.280076302757695,10.731615161482646,0.08051070699947646,ICE,Evaluation
Equity-derived,70,12,0.3437140736704764,-0.24062037303312428,0.9280485203740771,0.248951150528407,0.6711885342472085,0.7505941123539237,10.731615161482646,0.248951150528407,ICE,Evaluation
Equity momentum,70,12,3.669365091251932,1.6719032492129802,5.666826933290884,0.0003175482129305638,0.8776567096563769,2.4573240332377297,10.731615161482646,0.0006350964258611276,ICE,Evaluation
Equity value,70,12,-1.7255731040102567,-2.5147105909610525,-0.9364356170594608,1.820434686743514e-05,0.9208311239636929,1.7628837938084545,10.731615161482646,7.281738746974056e-05,ICE,Evaluation
Equity profitability,70,12,-0.912649766230246,-1.744557752922085,-0.080741779538407,0.03153702325881017,0.6343379326334186,1.280076302757695,10.731615161482646,0.04204936434508023,ICE,Evaluation
