date,Credit spread,Bond momentum,Low volatility,Equity momentum,Equity value,Equity profitability,Bond-only,Equity-derived,Combined,Combined minus bond
2002-09-30,-0.0902646556030799,0.0688330803985498,0.0740411792729231,0.0590376187511561,-0.0692902435363967,0.0285203089284055,0.01753653468946433,0.006089228047721632,0.01181288136859298,-0.005723653320871349
2002-10-31,0.022546469093818,-0.0462925556574584,-0.0184380456883333,-0.0161361161120424,0.0235355125320394,0.0156887117576355,-0.014061377417324565,0.007696036059210834,-0.0031826706790568657,0.010878706738267699
2002-11-30,0.1456439935986869,-0.1248525561654243,-0.1209058124312029,-0.1220000027391542,0.1074957584632887,-0.0217272774099918,-0.033371458332646764,-0.012077173895285771,-0.02272431611396627,0.010647142218680496
2002-12-31,-0.0057883030592387,0.0043302778785175,-0.0093464322447116,0.0076653164113054,0.0064802816208038,-0.0088191094313381,-0.0036014858084776,0.0017754962002570335,-0.0009129948041102833,0.0026884910043673167
2003-01-31,0.0601720035664347,-0.0139051707555663,-0.0416202386648663,-0.027231138312579,0.0343060782109536,-0.0065822438250878,0.0015488647153340345,0.0001642320244289331,0.0008565483698814838,-0.0006923163454525507
2003-02-28,0.0134497595453988,0.0284552480215069,-0.0243384003014007,0.0155387964682516,0.0001529584178084,0.0017475711803639,0.005855535755168333,0.005813108688807966,0.0058343222219881495,-2.1213533180183125e-05
2003-03-31,0.0389158899103122,0.0178424354572344,-0.0406428727231431,0.0046891829718726,0.0224317693017513,-0.0053281955751072,0.005371817548134501,0.0072642522328389,0.0063180348904867,0.0009462173423521987
2003-04-30,0.123107006125557,0.0049017306488771,-0.0923186700520122,-0.0282378344162139,0.0678720298937203,-0.0108603364888364,0.011896688907473968,0.00959128632955667,0.010743987618515319,-0.0011527012889586494
2003-05-31,-0.0066990017449898,0.0002549652556141,-0.015356783838258,-0.0177204525502875,-0.0228344941302958,0.0006792847780182,-0.007266940109211233,-0.013291887300855032,-0.010279413705033134,-0.0030124735958219004
2003-06-30,0.0447753249610946,0.0183265215459807,-0.0269822371925938,-0.0004993796929489,0.026792244471921,-0.0067506730417787,0.012039869771493834,0.006514063912397799,0.009276966841945816,-0.002762902929548018
2003-07-31,-0.0003777458204728,-0.0410393863238335,0.0322655838971061,0.0063014626855148,-0.0019579902766824,0.0059748469059632,-0.003050516082400067,0.0034394397715985336,0.00019446184459923337,0.0032449779269993003
2003-08-31,0.0237343353686573,0.0132651550598201,-0.0189702262643256,-0.003764126450752,0.0083039000221038,-0.0023681180215462,0.006009754721383934,0.0007238851832685332,0.0033668199523262336,-0.0026429347690577008
2003-09-30,0.008253737818361,-0.0143145017378942,-0.0214310145544941,-0.0036078088928113,-0.0022479741981224,0.006339274056089,-0.0091639261580091,0.00016116365505176693,-0.0045013812514786665,0.004662544906530433
2003-10-31,0.0403060336225536,0.0232983832007766,-0.0206661509743534,0.017583059378932,0.0187593716985095,-0.0030136673578353,0.014312755282992265,0.0111095879065354,0.012711171594763832,-0.0016015836882284328
2003-11-30,0.0222304404972594,-5.612425404731211e-05,-0.0148868253325848,-0.0048783218211782,0.008355804124615,0.001028166333728,0.0024291636368757633,0.0015018828790549334,0.001965523257965348,-0.00046364037891041517
2003-12-31,0.0348884270299923,0.0192327146703934,-0.0215752701642243,-0.0024825465290322,0.0189401787868586,-0.0027849092917598,0.010848623845387132,0.0045575743220222014,0.007703099083704666,-0.0031455247616824656
2004-01-31,0.015334117567445,0.0032218097350047,-0.0173998456678674,0.0251312483494023,0.0044501405023474,0.0225375303053292,0.00038536054486076654,0.017372973052359634,0.0088791667986102,0.008493806253749433
2004-02-29,-0.0215540161143595,-0.0074014038755444,0.0084143748018029,-0.0043773180885281,-0.0062719029857891,0.0066747858727186,-0.0068470150627003325,-0.0013248117338661993,-0.004085913398283266,0.0027611016644170667
2004-03-31,-0.0028337152699161,0.0028843115966782,-0.0061118044564388,0.0026997612388914,-0.0008264830157786,0.0014811180206235,-0.0020204027098922332,0.0011181320812454333,-0.00045113531432339996,0.0015692673955688334
2004-04-30,0.0179471411811152,-0.0038574846359701,0.0127743442295888,0.0126317880459003,0.0052872579413317,-0.0037712784551803,0.008954666924911299,0.0047159225106839,0.0068352947177976,-0.002119372207113699
2004-05-31,-0.0152500696729143,-0.0108409962401789,0.0149305766314763,-0.0008304410111287,-0.006847200644689,-0.0001074390113192,-0.003720163093872301,-0.002595026889045633,-0.0031575949914589667,0.0005625681024133342
2004-06-30,0.0220608102179031,0.0054391678029951,-0.0113010375851869,0.0070568769849693,0.0015340210460445,0.0031518139246823,0.005399646811903765,0.003914237318565367,0.004656942065234566,-0.000742704746669199
2004-07-31,0.0014627687851663,0.0008173157712437,-0.0079045596997802,0.0061951887000906,0.0011313760102268,-0.0021009897282969,-0.0018748250477900665,0.0017418583273401667,-6.64833602249499e-05,0.0018083416875651166
2004-08-31,0.0076415129029189,-0.013931629131535,-0.0214748184865485,0.0016228307262888,0.0023547266166368,-0.0015738773646618,-0.0092549782383882,0.0008012266594212665,-0.004226875789483467,0.005028102448904733
2004-09-30,0.014186586782647,-7.946160515717726e-05,-0.013199216333725,0.0061150706825756,0.0045394190759634,0.0032049164074192,0.00030263628125494084,0.004619802055319399,0.00246121916828717,0.002158582887032229
2004-10-31,0.0251360370872868,-0.0012347783395904,-0.0194171470482141,-0.0062331296524911,0.001043118923679,-0.0005590838347765,0.0014947038998274337,-0.0019163648545295331,-0.0002108304773510497,-0.0017055343771784834
2004-11-30,0.0305836848507076,-0.0104196870658442,-0.0142111002238254,-0.0118517742687228,0.0049995697783872,-0.0018762582621569,0.0019842991870126663,-0.002909487584164167,-0.0004625941985757502,-0.0024468933855884166
2004-12-31,0.0302224627968113,0.0140316288911837,-0.0246254208424715,-0.0075384086958223,0.0064299572046252,-3.66943179548572e-05,0.006542890281841168,-0.00038171526971731914,0.0030805875060619242,-0.0034623027757792434
2005-01-31,-0.010044125747196,0.0169256682693889,-0.0038390285295265,0.0211541377316817,-0.0019769528204641,0.0014696081396581,0.0010141713308888004,0.006882264350291901,0.003948217840590351,0.002934046509701551
2005-02-28,0.0209951191745873,0.0114196516082871,-0.0111432717232766,0.0043217389429504,0.0044347999809509,0.0012000208984253,0.007090499686532599,0.003318853274108867,0.005204676480320733,-0.0018858232062118662
2005-03-31,-0.0434704478556273,-0.016218657305428,0.0347552011544083,-0.0027564520959375,-0.0179340795846473,-0.0057399857742626,-0.008311301335549,-0.008810172484949134,-0.008560736910249066,-0.0002494355747000663
2005-04-30,-0.0555087777226761,2.204942966866231e-05,0.0162240163563045,0.0194536680196568,-0.0286433669347359,0.0032361565360044,-0.013087570645567646,-0.001984514126358233,-0.007536042385962939,0.005551528259604707
2005-05-31,0.0240152474482114,0.0035020179638096,-0.0196978082468906,0.0005332054189653,0.0069185244539994,0.0011820344700979,0.0026064857217101335,0.0028779214476875336,0.0027422035846988335,0.00013571786298870007
2005-06-30,0.0255311131099896,-0.0095604186980218,-0.0155080802323995,-0.010650717426597,0.0131106508055872,0.0014924651622633,0.0001542047265227671,0.0013174661804178339,0.0007358354534703005,0.0005816307269475334
2005-07-31,0.0354198102960973,-0.0325997175246313,-0.0162860499600125,-0.0165574480746635,0.0152587531914009,0.0034525050967032,-0.004488652396182165,0.0007179367378135334,-0.0018853578291843159,0.0026032945669978496
2005-08-31,-0.0137878450941592,0.017026143137423,0.0072348810676732,0.003651437130794,-0.012980160589537,-0.0023059700216374,0.0034910597036456673,-0.0038782311601267996,-0.00019358572824056618,-0.0036846454318862337
2005-09-30,-0.0181060276936732,-0.0019287157933437,0.0198262422556354,0.0056204186825136,-0.0061783225117103,-0.0037925722488551,-6.950041046050019e-05,-0.0014501586926839334,-0.0007598295515722168,-0.0006903291411117165
2005-10-31,-0.0195104051807935,-0.0133587561679086,0.0175689849514739,0.0037813717067982,-0.0101254455808922,0.0004366116765643,-0.005100058799076068,-0.001969154065843233,-0.0035346064324596506,0.001565452366616417
2005-11-30,-0.0123698265271736,-0.0169966156344586,0.0065831050050102,-0.0070524485412508,-0.017665687381343,-0.0002772501519734,-0.007594445718874,-0.008331795358189066,-0.007963120538531532,-0.0003686748196575322
2005-12-31,-0.0119023689199493,-0.0138792329085301,-0.0039847354917707,0.0132953003333255,-0.0150579430612191,0.0026800795284036,-0.009922112440083368,0.00030581226683666684,-0.004808150086623351,0.005113962353460017
2006-01-31,0.0416189515834385,0.0059244295220483,-0.022263459567141,-0.0288073277065078,0.0311732419527336,0.0017311947148394,0.008426640512781934,0.0013657029870217333,0.004896171749901834,-0.0035304687628801004
2006-02-28,-0.0001632516052972,0.0082518491209572,-0.006377351301889,0.0096795886906029,-0.0063001927819255,0.0024007714210686,0.0005704154045903335,0.0019267224432486668,0.0012485689239195002,0.0006781535193291667
2006-03-31,0.0186356281403738,0.022835398420239,0.0096401241790133,-0.0151524577298847,0.0094481855264468,-0.0007058993666952,0.017037050246542035,-0.0021367238567110334,0.0074501631949155005,-0.009586887051626535
2006-04-30,0.0122327791430336,-0.0024040062086846,0.0063226925232316,-0.009402410793049,0.0052147268879096,-7.003304609146457e-05,0.005383821819193534,-0.0014192389837436213,0.0019822914177249564,-0.0034015304014685774
2006-05-31,0.0045042088608241,-0.0069329868312033,0.0031034153664252,-0.0074804342272049,0.0033089018143683,0.0011004220618956,0.00022487913201533344,-0.0010237034503136667,-0.00039941215914916664,-0.0006242912911645001
2006-06-30,0.0020730607204755,0.0035852099910652,0.0010645618969142,0.0006439992909187,0.0076156942050455,0.0006860809269906,0.0022409442028183,0.0029819248076516,0.00261143450523495,0.0003704903024166501
2006-07-31,0.0062398490368197,-0.0123424144643408,-0.0113815799409405,0.0110441769121551,0.0009428159250663,-0.0016793674023243,-0.005828048456153867,0.0034358751449657,-0.0011960866555940834,0.004631961800559784
2006-08-31,0.0177080189952133,-0.0074109740722583,-0.0171209637529496,-0.0084023205293544,0.0035606614195531,-0.0001002287973345,-0.002274639609998201,-0.0016472959690452666,-0.0019609677895217337,0.0003136718204764673
2006-09-30,0.0062035127534957,-0.0103072999432309,-0.0123079261831054,0.0054036567759095,-0.0019626393624059,-0.0007638157209189,-0.0054705711242802,0.0008924005641948998,-0.0022890852800426503,0.00318148584423755
2006-10-31,0.0150336727591587,0.0007827085878315,-0.0090034094668831,0.0048482627603406,0.0070591768166166,-0.0001013149396329,0.002270990626702367,0.0039353748791081,0.0031031827529052333,0.0008321921262028661
2006-11-30,0.0175923389156296,0.0098332325511161,-0.0191513620930716,0.0037545488939698,0.0066400228105829,0.0008739352470095,0.0027580697912247,0.0037561689838540666,0.0032571193875393836,0.0004990495963146835
2006-12-31,0.0191298059012384,-0.0211393488626312,0.0004476148178587,-0.0052613342647671,0.0019015042033305,-0.0002356170119356,-0.0005206427145113673,-0.0011984823577907333,-0.0008595625361510503,-0.0003389198216396831
2007-01-31,0.0127881670415822,-0.0089277639762174,-0.003447915787287,0.0009367805814385,0.0039888152564638,0.0005628355507203,0.0001374957593592668,0.0018294771295408665,0.0009834864444500666,0.0008459906850907998
2007-02-28,0.0049614160348977,0.0071145406738773,-0.0141081265259664,-0.0002322278605686,0.0014693572535135,0.004387226470431,-0.0006773899390638,0.0018747852877919666,0.0005986976743640833,0.0012760876134278831
2007-03-31,-0.0070734144493303,0.0033654182307292,0.0162790762760779,0.0041099349375165,-0.0051843551916965,-0.0014962604379251,0.004190360019158933,-0.0008568935640350332,0.0016667332275619499,-0.002523626791596983
2007-04-30,0.0148403740151226,0.0118128666383124,-0.009854119033511,0.0102685424236766,8.276520908856054e-05,0.0009509108749396,0.005599707206641334,0.00376740616923492,0.004683556687938127,-0.0009161505187032072
2007-05-31,0.015483459453899,0.0202256497257545,-0.0032162744703819,-0.0026409318224869,0.0017111855034085,5.173990941336956e-05,0.010830944903090535,-0.0002926688032216769,0.0052691380499344295,-0.0055618068531561055
2007-06-30,-0.0252734099031941,-0.0044711097331411,0.0243904653286445,-0.0001716066464653,-0.0013302700365384,-0.0047714738456225,-0.0017846847692302333,-0.0020911168428754,-0.0019379008060528167,-0.00015321603682258347
2007-07-31,-0.0571528321159055,-0.0322559078495387,0.0335371489428998,0.0138282887548328,-0.0135860723039571,-0.0019069226231158,-0.018623863674181465,-0.0005549020574133668,-0.009589382865797415,0.00903448080838405
2007-08-31,-0.0042002046337815,-0.0054402718402665,-0.0020814251518081,0.0193298472002042,-0.0029690181621453,0.0085543408413173,-0.003907300541952033,0.008305056626458732,0.0021988780422533493,0.006106178584205382
2007-09-30,0.0261398590956776,-0.013958203106188,-0.0236939322709721,-0.003175957919809,-0.0018062197276344,-0.0037147847220789,-0.0038374254271608334,-0.0028989874565074334,-0.0033682064418341334,0.0004692189853267
2007-10-31,-0.005946287360971,0.0016722272518606,-0.0034955215784602,0.0073400464054943,-0.0057636724113713,0.0055021140721644,-0.0025898605625235336,0.0023594960220958,-0.00011518227021386682,0.002474678292309667
2007-11-30,-0.0575635179777676,0.040202525841729,0.042948218661133,0.0356555458471935,-0.0237594859648832,0.0072113460874724,0.0085290755083648,0.0063691353232608995,0.00744910541581285,-0.00107997009255195
2007-12-31,-0.0149970869122175,0.0031513054771191,0.0164682076736705,0.0023377382046693,0.0066063451611568,0.0007016754600973,0.0015408087461907,0.003215252941974467,0.0023780308440825835,0.0008372220978918835
2008-01-31,-0.0117619294376308,0.005229910516596,0.0225926755434092,0.0105257342049926,-0.0169651736346262,-0.010465673395885,0.005353552207458132,-0.005635037608506199,-0.00014074270052403344,-0.005494294907982165
2008-02-29,-0.0290116743095176,0.0085808438828479,0.0328773941267292,0.0314964873327685,-0.0238924870777426,-0.0003140285905943,0.0041488545666865,0.002429990554810532,0.0032894225607485164,-0.0008594320059379839
2008-03-31,-0.0081287977607155,0.0034771328212318,0.0022577247191597,0.0090717963512098,-0.0108276367960285,0.0090653399310439,-0.000797980073441333,0.0024364998287417336,0.0008192598776502003,0.0016172399510915331
2008-04-30,0.0838679233648151,-0.0716856184806141,-0.0681492256363881,-0.0404626770730778,0.0377653692977205,-0.0130258720069767,-0.018655640250729032,-0.005241059927444666,-0.011948350089086849,0.0067072901616421834
2008-05-31,0.0223071179025279,-0.0114049157917905,0.0015195642646824,-0.0088894042430895,0.0076294705501415,-0.00042711149197,0.004140588791806601,-0.0005623483949726665,0.0017891201984169673,-0.0023514685933896337
2008-06-30,-0.0649892674781422,0.0163054112965516,0.0553439366905326,0.0128578313965836,-0.0242717371337811,0.0170072364141812,0.002220026836314002,0.0018644435589945673,0.0020422351976542848,-0.00017779163865971719
2008-07-31,-0.0406552993215944,0.0230595496752918,0.0435714760686946,0.0325521601198322,-0.0283501413108517,0.0073400040712066,0.008658575474130667,0.0038473409600623676,0.006252958217096517,-0.0024056172570341497
2008-08-31,-0.0033413005680188,0.0050952713657846,-0.0028733343029298,0.0034673223771426,-0.0060780124626294,0.0158604801281903,-0.0003731211683880001,0.004416596680901166,0.002021737756256583,0.0023948589246445833
2008-09-30,-0.1320691296178641,0.1185426497736535,0.1169840338712547,0.1208663280745477,-0.086568026522618,0.0714664608570088,0.03448585134234803,0.035254920802979504,0.03487038607266377,0.0003845347303157373
2008-10-31,-0.0280115019110896,-0.0700593021817091,0.0057866320003542,-0.0572664005315212,-0.0076807130350962,-0.0519415684539166,-0.0307613906974815,-0.03896289400684466,-0.03486214235216308,-0.004100751654681583
2008-11-30,-0.1664099950627706,0.0054283657896728,0.0690984534302439,0.0099885099313203,-0.0167361741835281,-0.0054030282130616,-0.030627725280951302,-0.004050230821756466,-0.017338978051353884,0.013288747229597418
2008-12-31,0.0638640396143522,-0.0872703852900599,-0.0938182532830183,-0.0682557442047377,-0.0206490467152624,-0.0090965619056256,-0.03907486631957533,-0.0326671176085419,-0.035870991964058616,0.0032038743555167157
2009-01-31,0.1071809149465173,-0.0963258220374101,-0.0022150938810316,-0.0711658864371397,-0.0184580589063302,0.0325818700329646,0.002879999676025201,-0.019014025103501767,-0.008067012713738282,-0.010947012389763483
2009-02-28,-0.0961848892626388,-0.0139687415852227,0.0799119617244198,0.0592743599823317,-0.0668650510956349,0.0540396249334515,-0.010080556374480562,0.015482977940049434,0.002701210782784436,0.012781767157264999
2009-03-31,0.0910042239499628,-0.0579251572264945,-0.0304262109102231,0.0292623183469058,-0.0553853086034604,0.0418170626035128,0.000884285271081732,0.005231357448986066,0.003057821360033899,0.002173536088952167
2009-04-30,0.2030105265140566,-0.224266630857943,-0.0982793985268072,-0.0579368509831077,0.0379090565921413,-0.0329109438429705,-0.03984516762356453,-0.017646246077978964,-0.028745706850771748,0.01109946077279278
2009-05-31,0.1650969205748783,-0.1441067316515384,-0.0954717361386974,-0.0610961566331094,0.1116752424557637,-0.079255825986784,-0.024827182405119167,-0.009558913388043233,-0.0171930478965812,0.007634134508537966
2009-06-30,0.0522897847964544,-0.0110955620257738,-0.0325390843963437,0.0008611369687779,0.0019132935790764,-0.0082009162842044,0.0028850461247789693,-0.001808828578783367,0.0005381087729978012,-0.002346937351781168
2009-07-31,0.0244540898036725,0.0064846098254711,-0.0504437748744266,0.0116204111477366,0.0016192777079115,-0.0050948587914963,-0.006501691748427667,0.002714943354717267,-0.0018933741968551999,0.004608317551572467
2009-08-31,0.0662456334719627,0.017926712261533,-0.0271978531636273,-0.0105344623726172,0.0255048094339335,-0.0214729488107811,0.018991497523289467,-0.002167533916488267,0.0084119818034006,-0.010579515719888867
2009-09-30,0.0686598071873685,0.0446193305414889,-0.0521363321390287,0.0162211055378804,0.0297710248588292,-0.0162229530089887,0.020380935196609565,0.0099230591292403,0.015151997162924933,-0.005228938033684632
2009-10-31,0.010768125499466,0.0148692134874476,-0.0089090395222152,0.0174535008657974,-0.0045174516659076,-0.0134497827708423,0.005576099821566133,-0.00017124452365083372,0.0027024276489576496,-0.0028736721726084834
2009-11-30,0.0057291880160528,0.0038984038349116,-0.0058558921314917,-0.0001194807462061,-0.0016214160507904,0.0076511771541585,0.0012572332398242336,0.0019700934523873333,0.0016136633461057833,0.0003564301062815498
2009-12-31,0.0548600000481986,0.0225538534036339,-0.0305715732718063,-0.0002257695055319,0.0290561213656927,-0.0204491444330575,0.015614093393342063,0.002793735809034434,0.009203914601188249,-0.006410178792153814
2010-01-31,0.0034338296164255,0.0065867260790163,0.0003487565137961,0.0108135420268543,-0.0024092608039805,-0.0049403464886254,0.0034564374030793,0.0011546449114161336,0.002305541157247717,-0.0011508962458315832
2010-02-28,-0.0003179149887015,0.0010706488763759,0.0011228969232901,0.0027296047033713,-0.0018313389691315,0.00519911123513,0.0006252102703215001,0.002032458989789933,0.0013288346300557167,0.0007036243597342166
2010-03-31,0.0493930819514112,0.0418880439074327,-0.0359826234385584,-0.0032872564643506,0.0226900876494296,-0.0207177111407432,0.018432834140095167,-0.00043829331855473286,0.008997270410770216,-0.00943556372932495
2010-04-30,0.0221943462827284,-0.0076594078106851,-0.0147830613484423,0.0028125372603862,0.0095401643076735,0.0037933159406033,-8.270762546633281e-05,0.005382005836221,0.0026496491053773336,0.0027323567308436664
2010-05-31,-0.0470836578688694,-0.0330135217081555,0.0292546730025915,0.0014682183416448,-0.0158304026986814,0.0245391550437241,-0.0169475021914778,0.0033923235622291665,-0.006777589314624316,0.010169912876853482
2010-06-30,-0.0055878872928035,-0.0089321729570911,-0.0052343933363136,-0.0094181096241191,-0.001710121927475,0.0052952682156226,-0.006584817862069399,-0.0019443211119904997,-0.0042645694870299495,0.0023202483750394496
2010-07-31,0.0288375759913821,-0.012764479453942,-0.0256210086636676,0.0038708291267652,0.0198459777253732,-0.0167507868217604,-0.0031826373754091676,0.002322006676792667,-0.0004303153493082502,0.002752322026100917
2010-08-31,-0.0164624056296213,0.028515576577883,0.0003690172343327,-0.0013422678901279,-0.0089453130499363,0.0089463517388673,0.0041407293941981334,-0.00044707640039896623,0.0018468264968995835,-0.00229390289729855
2010-09-30,0.0336576348061405,-0.0050749875271556,-0.026001426783786,0.0037378548825092,0.0139831119926335,-0.0166873471649879,0.0008604068317329671,0.00034453990338493304,0.00060247336755895,-0.00025793346417401705
2010-10-31,0.0254122831828702,-0.0337303534078533,-0.0115034541998648,-0.0007339223365075,0.0060040544530357,-0.0125442994368855,-0.006607174808282633,-0.0024247224401191,-0.004515948624200867,0.002091226184081766
2010-11-30,0.0010486289462292,-0.0082813365923318,0.0117700557131106,0.0003559959029798,-0.0093215587363462,0.0055146922286793,0.0015124493556693333,-0.0011502902015623666,0.00018107957705348334,-0.00133136977861585
2010-12-31,0.0414401384768161,0.0116506971569658,-0.0250695405129015,-0.01808718707758,0.0170148843862212,-0.0170175390486144,0.009340431706960134,-0.006029947246657733,0.0016552422301512005,-0.007685189476808934
2011-01-31,0.0210342484479267,0.0182600734037867,-0.006509741096815,0.0007702662804377,0.0059183821835814,-0.0074129908727414,0.010928193584966134,-0.00024144746957410006,0.005343373057696017,-0.005584820527270117
2011-02-28,0.0183576028518833,0.0073489623568443,-0.0153682572100682,0.0026160653717709,0.0067884148875143,-0.0044600693917283,0.0034461026662198006,0.0016481369558523004,0.0025471198110360504,-0.0008989828551837502
2011-03-31,0.0049923651652257,0.006382228650168,-0.0032462268714273,0.0030825753291963,0.0006848517386847,0.0012307737693947,0.0027094556479887997,0.0016660669457585666,0.002187761296873683,-0.0005216943511151166
2011-04-30,0.0051144153285885,-0.0087107359639765,-0.010352455453635,0.0031258898852545,0.0020010597719465,-0.0020888149417992,-0.0046495920296743334,0.0010127115718006003,-0.0018184402289368666,0.002831151800737467
2011-05-31,-0.0027820736179439,-0.0074688765094511,-0.0060757072532836,-0.0060086478046613,0.0005301274715788,0.0073498025876319,-0.005442219126892867,0.0006237607515164667,-0.0024092291876882,0.0030329899392046666
2011-06-30,-0.0116301283667863,-0.0090510178022005,0.0132084008327227,-0.0010553694187113,-0.0070449900936328,0.0039659779127971,-0.0024909151120880335,-0.0013781271998490002,-0.001934521155968517,0.0005563939561195165
2011-07-31,0.0008542646346015,0.0056543837826413,-0.0039024865326864,0.0071765985519068,-0.0090290707119508,0.0130684656272089,0.0008687206281854667,0.003738664489054967,0.002303692558620217,0.0014349719304347502
2011-08-31,-0.0512663284509746,0.0091769629218661,0.0201295807593867,0.0193343585559088,-0.0269335959182258,0.031940148581311,-0.007319928256573932,0.008113637072998002,0.0003968544082120348,0.007716782664785967
2011-09-30,-0.0475170690025553,0.0419588086195125,0.029365500443698,0.0399853941718555,-0.0376330718997129,0.0358612252731892,0.007935746686885067,0.012737849181777268,0.010336797934331166,0.0024010512474460996
2011-10-31,0.0689880881372833,-0.042146902013073,-0.0452120792090264,-0.0291121239895265,0.0223829047995766,-0.0244077096651729,-0.006123631028272035,-0.010378976285040932,-0.008251303656656484,-0.0021276726283844492
2011-11-30,-0.0280841660549155,0.0304229084392924,0.0380032201619521,0.043813145264981,-0.0298784691366723,0.0316503359153509,0.013447320848776334,0.015195004014553199,0.014321162431664767,0.0008738415828884322
2011-12-31,0.0282579082185816,0.0109168688212777,-0.035970074355554,-0.0098297377299186,0.0096523796446958,-0.0043615164561038,0.0010682342281017655,-0.0015129581804422,-0.00022236197617021727,-0.0012905962042719828
2012-01-31,0.0293484278004188,-0.0380547892530025,-0.0351137902649261,-0.0320303422973888,0.0280067880450698,-0.027228773688263,-0.014606717239169934,-0.010417442646860666,-0.0125120799430153,0.0020946372961546337
2012-02-29,0.0382771151297559,-0.0153946264935429,-0.0257960278547942,-0.0085225738541612,0.0114890382389748,-0.0084292492432594,-0.0009711797395270672,-0.0018209282861486001,-0.0013960540128378335,-0.0004248742733107664
2012-03-31,0.0040026130845179,-0.0306596335862555,0.0001183025074118,-0.0064039373571395,0.0102815019264965,-0.0110578943826582,-0.008846239331441933,-0.0023934432711004002,-0.005619841301271166,0.003226398030170767
2012-04-30,0.0042279740525649,0.0007900802816735,-0.007022911067284,0.0002634252246945,-0.0086268024021782,0.0038434753524198,-0.0006682855776818667,-0.0015066339416879664,-0.0010874597596849166,-0.0004191741820030499
2012-05-31,-0.0251053804901811,-0.0219808998859377,0.0040121867581769,0.0025428737449759,-0.0140015447877879,0.0141675318195044,-0.014358031205980634,0.0009029535922308001,-0.006727538806874917,0.007630492399105717
2012-06-30,0.0271887965601093,0.016585056899504,-0.0203532946460803,0.0028107179893683,0.0121649846990865,-0.0064062825936575,0.007806852937844333,0.0028564733649324332,0.005331663151388383,-0.00247518978645595
2012-07-31,0.0122122148329954,0.0161215967706844,-0.0331297034261003,0.0046625411912487,0.0049840576309857,-0.0038157760755605,-0.0015986306074734988,0.0019436075822246337,0.00017248848737556747,0.0017711190948490664
2012-08-31,0.0203435099689562,0.0064912879951823,-0.0036892080899337,-0.0070800063348223,0.0139216276346188,-0.0178458175090087,0.007715196624734934,-0.0036680654030707333,0.0020235656108321,-0.005691631013902834
2012-09-30,0.0172467341204817,0.0002345187379953,-0.0189893391844847,-0.0094026296495258,0.0171219964065198,-0.0171943423582368,-0.0005026954420025662,-0.0031583252004142664,-0.0018305103212084162,-0.0013278148792058501
2012-10-31,0.0122714937478327,0.0168853434570992,-0.0158267582840987,0.0056460830173926,0.0023014446931125,-0.0056441728535673,0.004443359640277734,0.0007677849523126,0.002605572296295167,-0.0018377873439825668
2012-11-30,0.0059116962507262,0.0021380276808333,0.001064072194846,0.0030755525201352,0.0039330409405248,-0.009447865897158,0.003037932042135167,-0.0008130908121660001,0.0011124206149845835,-0.0019255114271505835
2012-12-31,0.0225677987532887,0.0019771050346797,-0.0092417315934359,-0.0028361887585271,0.0074152151015287,-0.0044796585530492,0.0051010573981775,3.312259665079967e-05,0.00256708999741415,-0.00253396740076335
2013-01-31,0.0221767720899156,-0.0072305369592239,0.0076976523346321,-0.0009969524654746,0.0084594951133003,-0.0134698034303117,0.007547962488441266,-0.002002420260828667,0.0027727711138062997,-0.004775191374634966
2013-02-28,0.0015462422209736,-6.462366837808528e-05,-0.0068300958009994,0.0019205443617964,0.0040326932677623,-0.0056738995534982,-0.0017828257494679617,9.311269202016651e-05,-0.0008448565287238976,0.0009379692207440641
2013-03-31,0.0168755139033284,0.0119590146681151,-0.0040234445860027,0.0013700718748662,0.0012750159397555,0.0002290622918447,0.008270361328480268,0.0009580500354887999,0.004614205681984534,-0.003656155646495734
2013-04-30,0.0179403730449598,-0.0190944254738427,-0.0296043038824899,-0.0068318673382635,0.0023190204663905,0.0001176214711301,-0.010252785437124266,-0.0014650751335809665,-0.005858930285352617,0.004393855151771649
2013-05-31,0.003137737158436,0.041132412330054,0.0304499054107326,0.009114190342023,0.0013371237408663,-0.0034083663994798,0.024906684966407532,0.002347649227803167,0.013627167097105349,-0.011279517869302183
2013-06-30,-0.0198519780904598,0.0013677993700938,0.0400879188468554,0.0098344042761743,-0.0066268600116921,0.0015074343704687,0.007201246708829799,0.0015716595449836335,0.004386453126906716,-0.002814793581923083
2013-07-31,0.0168611747427518,0.0116227706202857,-0.010622853161782,0.008222521392207,0.0066962992033631,-0.006506625534288,0.0059536974004185,0.002804065020427366,0.004378881210422934,-0.0015748161899955667
2013-08-31,-6.725765001985243e-05,0.005089765357852,0.0064595240208466,0.0042055826965593,0.0031983890280256,-0.0050699787293796,0.0038273439095595826,0.000777997665068433,0.002302670787314008,-0.0015246731222455746
2013-09-30,0.0032670575443419,0.0096957295059633,-0.0001009864660684,0.000303666607446,0.001965094873286,-0.0054476726704666,0.004287266861412267,-0.0010596370632448668,0.0016138148990837,-0.002673451962328567
2013-10-31,0.0240146577771766,-0.0152218157701649,-0.0237693692433657,-0.0021307541690409,0.0019159297653322,-0.005113608455742,-0.004992175745451334,-0.0017761442864835666,-0.0033841600159674502,0.0016080157294838839
2013-11-30,0.0054070783303812,0.0184127031672133,0.0075323621586287,0.004010420643248,0.0031057584659803,-0.0043652692640232,0.0104507145520744,0.0009169699484017002,0.0056838422502380505,-0.0047668723018363494
2013-12-31,0.0091378347125306,-0.0080191841031104,-0.0119919142498968,0.0021838409954398,0.0017593122214429,0.0007960563877786,-0.0036244212134922005,0.0015797365348870999,-0.0010223423393025503,0.00260207887418965
2014-01-31,0.0043865557149585,-0.0182694565929682,-0.0166304352214784,-0.0044943352099786,-0.0055106717771289,0.0060795391558751,-0.0101711120331627,-0.0013084892770774666,-0.005739800655120083,0.004431311378042617
2014-02-28,0.029053749960825,0.0036462529900274,-0.0225111455217497,0.0006520247720797,0.0040074693451709,-0.0022073826741935,0.003396285809700901,0.0008173704810190333,0.0021068281453599674,-0.0012894576643409338
2014-03-31,0.002662041620124,0.0036471806442072,-0.0047874821058083,0.0002706166155157,-0.0024835233805483,0.0026859733290278,0.0005072467195076334,0.00015768885466506673,0.00033246778708635006,-0.00017477893242128336
2014-04-30,0.0071605900044583,0.0134605410011465,-0.0160809113565946,-0.0015673921422693,0.0013451817878692,0.0012879725699278,0.0015134065496700672,0.0003552540718425666,0.0009343303107563169,-0.0005790762389137503
2014-05-31,0.0065739180367914,0.0161584020184594,-0.0183894278356578,-0.000268377567842,0.0017891869026774,0.0015848048693237,0.0014476307398643337,0.0010352047347196999,0.0012414177372920168,-0.00020621300257231694
2014-06-30,0.0125582397885327,2.762707938638961e-05,-0.0042104842108445,-0.0008080838216161,0.002183769520516,-0.0024669152357483,0.002791794219024863,-0.00036374317894946666,0.0012140255200376983,-0.0015777686989871648
2014-07-31,-0.0121687971316103,0.0064313884544497,0.0042676425683041,0.0029245902766584,-0.0022399625926841,0.0018562305161427,-0.0004899220362854997,0.0008469527333723334,0.00017851534854341686,0.0006684373848289166
2014-08-31,0.0111772008053013,0.0273244646979237,-0.0218770954400772,0.0049196970871038,-0.0013283535236888,0.0004811393479358,0.0055415233543826,0.0013574943037836,0.0034495088290831,-0.0020920145252995
2014-09-30,-0.0280100643322438,-0.0073182828678613,0.0257189416234281,0.0027545843377399,-0.0032564571541361,0.0008852264365838,-0.0032031351922256674,0.00012778454006253325,-0.0015376753260815672,0.0016654598661441002
2014-10-31,-0.005149069234866,0.0161923146289444,-0.0116363172563751,0.0068232259933627,-0.0010116045188487,0.001736566753439,-0.00019769062076556722,0.0025160627426509996,0.0011591860609427161,0.0013568766817082833
2014-11-30,-0.0210831120298223,0.0137883149047674,0.0006301931841269,0.0145443436167733,-0.0079680407668563,0.0022297749421227,-0.002221534646976,0.0029353592640132334,0.0003569123085186167,0.0025784469554946165
2014-12-31,-0.0349470196016779,0.0399374436624765,0.0001511813137449,0.0354357337415031,-0.0217080828129129,0.0062387423680657,0.0017138684581811676,0.006655464432218633,0.0041846664451999005,0.0024707979870187326
2015-01-31,-0.0146184036792745,0.0501587567764156,-0.0265440117599083,0.0247669862307996,-0.0143293162376658,0.0080683302602591,0.002998780445744266,0.006168666751130966,0.004583723598437616,0.0015849431526933498
2015-02-28,0.0442550369909166,-0.064778783228528,0.0058013043128064,-0.040858148144407,0.0180210405018041,-0.0064448977121441,-0.004907480641601664,-0.009760668451582332,-0.0073340745465919985,-0.0024265939049903347
2015-03-31,-0.0182039775954149,0.0182683642974808,0.0093357735421877,0.0163260430838525,-0.0102189530323462,0.0012963754145695,0.0031333867480845324,0.0024678218220252667,0.0028006042850548998,-0.00033278246302963265
2015-04-30,0.0180698216816906,-0.0348954343362202,0.0171426537263084,-0.0194445236777225,0.0103602978541819,-0.0026694842822012,0.00010568035725959958,-0.0039179033685806,-0.0019061115056605005,-0.0020117918629201
2015-05-31,0.0064265537102166,-0.0307839565027953,0.0188695626660426,-0.0035441723553919,0.0058818643029974,-0.0067696018022294,-0.0018292800421787006,-0.0014773032848746333,-0.001653291663526667,0.00017598837865203353
2015-06-30,-0.0245342763807383,0.0009047788594111,0.0345889887972525,0.0065590227514547,-0.0076838152294275,-0.0015515317430131,0.003653163758641767,-0.0008921080736619666,0.0013805278424899002,-0.002272635916151867
2015-07-31,-0.0316582088260715,-0.0212299273193587,0.0124396902546251,0.016184229995585,-0.0154297041456382,0.000806754755261,-0.013482815296935033,0.0005204268684026004,-0.006481194214266216,0.007001621082668817
2015-08-31,-0.0360845998669535,-0.0210528208727899,0.0254959508362948,0.0062501953877568,-0.0133231991690923,0.0032082853080523,-0.010547156634482866,-0.0012882394910944,-0.005917698062788633,0.004629458571694233
2015-09-30,-0.062579250001495,0.0045449141476149,0.0223882448903677,0.0391207113571783,-0.0272834301080063,0.0066330178730331,-0.0118820303211708,0.006156766374068368,-0.0028626319735512162,0.009019398347619584
2015-10-31,0.0444188850082229,0.0008485776401223,-0.0198941143509496,-0.0130268274614894,0.0146398928941645,-0.0056777097592409,0.008457782765798533,-0.0013548814421886002,0.003551450661804966,-0.004906332103993567
2015-11-30,-0.0532692216941256,0.0463146729912141,0.0346955517319431,0.0348809858231194,-0.0199532741540237,0.0045625619620479,0.0092470010096772,0.006496757877047867,0.007871879443362532,-0.001375121566314667
2015-12-31,-0.0706819441546862,0.0757292175729247,0.0453400938226199,0.0630016110317982,-0.0504666127634518,0.0233751273494794,0.01679578908028613,0.011970041872608599,0.014382915476447364,-0.0024128736038387666
2016-01-31,-0.0727750108844742,0.0630735828542661,0.0535459880555724,0.0505152922876245,-0.0596572114932744,0.0233779160140531,0.0146148533417881,0.004745332269467732,0.009680092805627916,-0.004934760536160184
2016-02-29,0.0163726610703477,-0.0055771509104413,-0.0280349085524921,-0.001666052032831,-0.007592819181175,0.0063695591040865,-0.005746466130861901,-0.0009631040366398334,-0.0033547850837508672,0.0023916810471110335
2016-03-31,0.1012230050887938,-0.096723168497596,-0.0955790712436139,-0.0734931745495354,0.0293575728941189,-0.0146250272369092,-0.0303597448841387,-0.019586876297441897,-0.024973310590790297,0.005386434293348404
2016-04-30,0.0825240445863669,-0.0717683188780359,-0.0780465866640497,-0.0444806750486074,0.0206607005844456,-0.0185852114679914,-0.022430286985239568,-0.0141350619773844,-0.018282674481311982,0.004147612503927586
2016-05-31,0.0106411056662391,-0.0103011971482119,-0.002442777920107,-0.0039134777881428,0.0060008103318194,-0.0083123356007916,-0.000700956467359933,-0.0020750010190383333,-0.001387978743199133,-0.0006870222758392001
2016-06-30,0.0205229016107485,0.0277712985819582,-0.0407527014598419,0.0049185357286401,-0.0051293785805796,0.0057855156592699,0.0025138329109549323,0.001858224269110133,0.002186028590032533,-0.00032780432092239945
2016-07-31,0.0316809491991067,0.0138975376625449,-0.0241442296635275,-0.0054212741804776,0.0045238163528614,0.0043399613671234,0.007144752399374702,0.0011475011798357333,0.004146126789605217,-0.0029986256097694845
2016-08-31,0.0368015906355358,0.0282178402655111,-0.0354885681721236,0.0184605861825851,0.0103666202227002,-0.0073723449693015,0.009843620909641098,0.007151620478661267,0.008497620694151182,-0.0013460002154899158
2016-09-30,0.0136593610276428,0.0090848778137717,-0.0093733392047345,0.0131257498218093,0.0043337690033992,-0.0040458845272655,0.0044569665455600005,0.004471211432647666,0.004464088989103833,7.12244354383277e-06
2016-10-31,0.0084237409315161,0.0047156142321324,-0.0025292039857167,0.0132402620396471,0.0099109432729745,-0.0143250753796611,0.0035367170593106,0.002942043310986834,0.0032393801851487167,-0.0002973368741618831
2016-11-30,0.0103657685725773,-0.0085096997385284,0.0128437962383021,0.0057082149768629,0.0082630933590737,-0.012855038928883,0.004899955024117,0.00037208980235120016,0.0026360224132341,-0.0022639326108829
2016-12-31,0.0291460240128261,0.0210667717998773,-0.0251339376929894,-0.002126077797245,0.0054543210449721,-0.001761447670999,0.008359619373238,0.0005222651922426998,0.00444094228274035,-0.00391867709049765
2017-01-31,0.0152018485322182,0.016922350762949,-0.0137304357256659,-0.0026858172232,0.0061569084584104,-0.0049715603275933,0.0061312545231671,-0.0005001563641276333,0.0028155490795197333,-0.0033157054436473666
2017-02-28,0.0157740464210755,-0.0119380595270638,-0.0153445081989942,-0.0027934822069718,0.0008087878480194,0.0003540128807899,-0.0038361737683274993,-0.0005435604927208332,-0.0021898671305241664,0.0016463066378033329
2017-03-31,-0.0031363972469687,0.0033114978773911,0.0079711166623056,9.372124545327636e-05,-0.0012187793517597,0.0001459950054706,0.0027154057642426663,-0.00032635436694527457,0.0011945256986486959,-0.0015208800655939704
2017-04-30,0.0066782314393488,-0.0007030919808315,-0.0124122757370236,-0.0006146703364388,-0.0010873900638564,-9.189311618278476e-05,-0.0021457120928354335,-0.0005979845054926615,-0.0013718482991640474,0.0007738637936713861
2017-05-31,0.0075752357099623,-0.0075234348688856,-0.0114142540083048,0.0039120163732126,0.0001315927911133,0.0004020526097507,-0.003787484389076033,0.0014818872580255333,-0.00115279856552525,0.002634685823550783
2017-06-30,0.0008401995530804,7.39597895003173e-05,-0.001100732754256,0.0072271706416559,-0.0040834262744114,0.0020045128162275,-6.219113722509424e-05,0.0017160857278239999,0.0008269472952994528,0.000889138432524547
2017-07-31,0.0066168450318801,0.0029126743512155,-0.0070063387644345,-0.0052289563690505,0.0021754652987737,-0.0024623399005494,0.0008410602062203669,-0.0018386103236087334,-0.0004987750586941833,-0.00133983526491455
2017-08-31,-0.0037434074167574,0.01025888763863,0.0021466988972038,0.0072617652612711,-0.0040480477405201,1.33784841260514e-05,0.0028873930396921335,0.0010756986682923504,0.001981545853992242,-0.0009058471856998917
2017-09-30,0.0122259839135367,0.0002049072745048,-0.0103525031514751,-0.004657921378797,0.0052834979309942,-0.0025370189025434,0.0006927960121887999,-0.0006371474501153999,2.7824281036699957e-05,-0.0006649717311520999
2017-10-31,0.0042250647426032,0.0027604735870424,-0.0057886531720297,-0.0029985184357215,0.0014512350963927,-0.0019020209368592,0.0003989617192053001,-0.0011497680920626665,-0.0003754031864286832,-0.0007743649056339833
2017-11-30,-0.0015192542576972,0.0107420495394047,0.000699107183114,0.006192389281686,-0.0060949288936252,0.0011565861203882,0.003307300821607167,0.00041801550281633315,0.00186265816221175,-0.0014446426593954168
2017-12-31,0.0058954764088961,0.0161805073798025,-0.0112242263989004,4.354884689265672e-05,-0.0040982897887728,0.0019101466514094,0.003617252463266067,-0.0007148647634902479,0.0014511938498879095,-0.0021660586133781575
2018-01-31,0.02141139905455,-0.0026914026652409,-0.01407708003188,-0.0083739541558738,0.0115420045592505,0.0001822628553336,0.0015476387858097008,0.0011167710862367668,0.0013322049360232338,-0.000215433849786467
2018-02-28,-0.006723110936466,-0.0293347009002569,0.0201040543586867,-0.0009056654086693,0.0013272680843643,-0.0016332034548419,-0.0053179191593454,-0.0004038669263823,-0.00286089304286385,0.00245702611648155
2018-03-31,-0.0076108399271063,0.002281532570133,0.0031111748207393,0.0036600614563313,-0.006263914477998,0.0026556534085286,-0.0007393775120780001,1.726679562063319e-05,-0.0003610553582286834,0.00037832215384931664
2018-04-30,0.0063094532680887,0.0090199682599543,0.003575936675792,-0.0055163655104194,0.0089480771317943,-0.0011977273131629,0.006301786067945,0.0007446614360706666,0.003523223752007833,-0.0027785623159371667
2018-05-31,-0.0038900991015055,-0.002258368164455,-0.0004912386946739,0.0008693131212814,-0.0044234712131537,0.0006407177655606,-0.0022132353202114663,-0.0009711467754372335,-0.00159219104782435,0.0006210442723871164
2018-06-30,0.0010119255215391,0.0066664669565567,0.0063114591326379,-0.0011985623128333,-0.000463719052828,-0.0010686469337309,0.004663283870244567,-0.0009103094331307333,0.001876487218556917,-0.0027867966516876503
2018-07-31,0.0134016311244126,-0.0098833364015488,-0.0130916850572169,-0.000777004874772,0.0028273185514557,-0.0002238313312025,-0.0031911301114510332,0.0006088274484937333,-0.00129115133147865,0.0018999787799723832
2018-08-31,0.0036806489662991,0.0049372850521365,0.0001045537100737,0.000520520207837,0.0033770403971023,-0.0005431133922349,0.0029074959095030995,0.0011181490709014665,0.002012822490202283,-0.0008946734193008166
2018-09-30,0.006999417430277,0.0066933822328165,-0.0040204526727215,-0.0002818459156189,0.0052890093458748,-0.0021292766755598,0.0032241156634573325,0.0009592955848986999,0.0020917056241780163,-0.0011324100392793163
2018-10-31,-0.0248543852215893,0.02128403715281,0.0307884236197906,0.0003441433169725,0.0021071273646528,-0.0047632287955665,0.0090726918503371,-0.0007706527046470669,0.004151019572845017,-0.004921672277492083
2018-11-30,-0.015385264317756,0.0056658154727679,0.0168774557953951,0.0069496954749837,-0.0090896852302639,0.0063714106229582,0.002386002316802334,0.001410473622559333,0.0018982379696808336,-0.0004877643471215003
2018-12-31,-0.030960024462204,-0.0318885381096606,0.0076131689792828,0.0120906322842206,-0.022618893307936,0.0050704326832815,-0.018411797864193936,-0.0018192761134779667,-0.010115536988835952,0.008296260875357984
2019-01-31,0.0456692439148788,-0.0118904748118126,-0.0414599785708718,-0.0151540935250889,0.0151682284048948,-0.0087951709955535,-0.0025604031559352002,-0.002927012038582533,-0.0027437075972588667,-0.00018330444132366643
2019-02-28,0.0184148012240142,-0.0018293257075209,-0.0039369289954191,-0.0059161623374318,0.0062244067134077,-0.0011170322437941,0.0042161821736914,-0.00026959595593940004,0.0019732931088760003,-0.0022428890648154
2019-03-31,0.0096608491044785,0.0002375403928159,-0.0242326819422238,0.0012263940738646,-0.010974736746167,0.0071037796188293,-0.0047780974816431345,-0.0008815210178243667,-0.0028298092497337506,0.001948288231909384
2019-04-30,0.0187084698644029,-0.0095593610139237,-0.0094112094399323,0.0005247421930986,0.0116014486774488,-0.0036557975376109,-8.736686315103347e-05,0.002823464444312167,0.0013680487905805667,0.0014554156537316002
2019-05-31,-0.0135952499947016,0.0207485587659786,-0.0035923838535257,0.0043872689793802,-0.0111201001888035,0.0031178352926204,0.0011869749725837665,-0.0012049986389342999,-9.011833175266693e-06,-0.0011959868057590333
2019-06-30,0.0231159111381285,0.0430861791270768,-0.0385830020533032,-0.0005573326936995,-0.0021343882276154,0.0003740701932539,0.009206362737300702,-0.000772550242687,0.0042169062473068515,-0.004989456489993851
2019-07-31,0.0078863395895081,0.0081120654363147,-0.0056906238225152,0.0020533439029623,0.0033357407576665,-0.0003475323048133,0.0034359270677691996,0.0016805174519385002,0.00255822225985385,-0.0008777048079153496
2019-08-31,0.0045023542449929,0.0585863278077091,-0.0435104626215443,0.013794224778537,-0.0211460104367686,0.0096633785046283,0.006526073143719234,0.0007705309487988995,0.003648302046259067,-0.002877771097460167
2019-09-30,-0.0020939257100528,-0.0167008808612243,0.015358495369163,-0.0029229053743392,0.0028997099115772,0.0008577978434737,-0.0011454370673713674,0.00027820079357056656,-0.0004336181369004004,0.000711818930470967
2019-10-31,-0.0001531896890571,0.0045417873855579,-0.0002573652322794,0.0038723855916001,0.001627156255111,-0.002430098842618,0.0013770774880738,0.0010231476680310333,0.0012001125780524166,-0.00017696491002138328
2019-11-30,0.0098786186641935,0.0091944180554923,-0.0120481008908009,0.0004158562285295,0.0019556610764226,0.0001432620166456,0.0023416452762949663,0.0008382597738659001,0.0015899525250804333,-0.0007516927512145331
2019-12-31,0.0259526933942986,-0.0109081611574201,-0.0098663238436195,-0.0121945566011654,0.0129929663995747,-0.0034252808157263,0.0017260694644196661,-0.0008756236724389998,0.00042522289599033314,-0.001300846568429333
2020-01-31,-0.0004651777988392,0.0338478930910638,-0.0201269550728626,0.0099859849026264,-0.0163113327228746,0.0034316932797011,0.004418586739787333,-0.0009645515135156993,0.001727017613135817,-0.002691569126651516
2020-02-29,-0.0261365856738351,0.0086797950216836,-0.0004359008862582,0.014471933691185,-0.0229785332057829,0.0063118058097101,-0.005964230512803234,-0.0007315979016292669,-0.0033479142072162502,0.0026163163055869837
2020-03-31,-0.1878421354920985,-0.0242433009920036,0.0949749992064672,0.0775056729246129,-0.1012685085014246,0.015385201773827,-0.0390368124258783,-0.002792544600994902,-0.0209146785134366,0.0181221339124417
2020-04-30,0.1255166097956545,0.0004305615097007,-0.1271665862438877,-0.0732079822724514,0.0823404657147154,0.0051004125896148,-0.00040647164617751047,0.004744298677292934,0.0021689135155577117,0.0025753851617352224
2020-05-31,0.0698051404870212,-0.0816143768733375,-0.0555424185273726,-0.0602046111626484,0.0317963933992545,-0.0026208246667144,-0.0224505516378963,-0.010343014143369434,-0.016396782890632868,0.006053768747263433
2020-06-30,0.0320708750117505,-0.0284075620206261,-0.0311673675441797,-0.0320237524912827,0.0235707655096589,-0.0096677646138896,-0.009168018184351765,-0.0060402505318378,-0.007604134358094782,0.0015638838262569824
2020-07-31,0.0600407091488291,-0.0031700963346123,-0.0636132448305443,-0.0028467973720969,0.0072201465049346,0.0080948681735479,-0.0022475440054425,0.004156072435461867,0.0009542642150096837,0.003201808220452184
2020-08-31,0.0163311653917849,-0.0400780915658013,0.0092865181505995,-0.0220839739648211,0.0211883562908267,-0.0110608986434968,-0.004820136007805632,-0.0039855054391637335,-0.004402820723484683,0.0004173152843209493
2020-09-30,-0.0197379962448677,0.0082805294303839,0.0174926355614508,0.0102965263400812,-0.0121663968345891,0.0052049771907235,0.0020117229156556664,0.0011117022320718663,0.0015617125738637662,-0.00045001034179190016
2020-10-31,0.0053364791187644,0.0031037076243843,-0.0012575325095935,0.0012964777152013,0.0039497824296854,-0.0041817641941512,0.0023942180778517338,0.00035483198357850006,0.001374525030715117,-0.0010196930471366168
2020-11-30,0.0632864718539348,0.0355890706991136,-0.0708601519213876,-0.0187649832598671,0.0156033422215094,-0.0005041554644015,0.009338463543886932,-0.0012219321675863996,0.004058265688150266,-0.005280197855736666
2020-12-31,0.0267772696904616,0.0167222442837639,-0.0227495906227199,-0.0077519733655437,0.0112167961639998,-0.0039239333662684,0.006916641117168532,-0.0001530368559374337,0.0033818021306155494,-0.0035348389865529828
2021-01-31,0.0054022079502449,-0.0079714750578879,0.0074645946790086,0.00326864511502,0.0101309489916701,-0.006481371499133,0.0016317758571218668,0.0023060742025190328,0.0019689250298204498,0.000337149172698583
2021-02-28,0.0079981697427253,0.0393370427164953,0.0120682195827787,0.0123403719262379,0.0146293981593343,-0.0144954087076765,0.01980114401399977,0.004158120459298567,0.011979632236649168,-0.007821511777350602
2021-03-31,0.0006486360370583,0.0107734159601814,0.0117044408855994,0.0081660288172017,0.0029641480379293,9.851349333685026e-05,0.007708830960946367,0.0037428967828226165,0.005725863871884491,-0.0019829670890618755
2021-04-30,0.0138197079974739,0.0015930952119132,-0.0178208934034917,0.0021473044065919,0.0013509278706882,-0.0010877675816482,-0.0008026967313682001,0.0008034882318773,3.9575025454993175e-07,0.0008030924816227501
2021-05-31,0.0037166136062632,0.0013448344086757,-0.0072766063309801,0.0031718730275784,0.0025560151739485,-0.0022258347141491,-0.0007383861053470664,0.0011673511624592666,0.0002144825285561001,0.0009528686339031664
2021-06-30,0.0272017426686211,-0.0251025461706758,-0.035392165927403,-0.0050657377264681,-0.0034777833221035,0.0058152858560422,-0.011097656476485898,-0.0009094117308431335,-0.006003534103664516,0.005094122372821383
2021-07-31,0.008565606176401,-0.0162793941703612,-0.0137024311664038,-0.0035507832652185,6.925771192763802e-05,0.0041255018941953,-0.007138739720121333,0.0002146587803014792,-0.003462040469909927,0.003676699250211406
2021-08-31,0.0047280854513445,0.0063553663537873,-0.0007846953321686,0.003262791713786,0.0014727821273253,-0.0014257602139725,0.0034329188243210663,0.0011032712090462667,0.0022680950166836665,-0.0011648238076373998
2021-09-30,-0.002326303790404,-0.020976316246134,0.0085869265271826,-0.0034346722598672,0.0050198910933865,-0.0052229085911151,-0.004905231169785134,-0.0012125632525319331,-0.003058897211158534,0.0018463339586266003
2021-10-31,0.0118336571859917,0.0226484851504952,-0.0164197820620027,-0.0017810853090811,0.0011042153194277,0.0036444282294363,0.006020786758161401,0.0009891860799276333,0.0035049864190445173,-0.0025158003391168838
2021-11-30,-0.0053771045960765,0.0009700539236775,0.0029660910096691,-0.0014478443714935,-0.0022499254034825,0.0031275682389612,-0.00048031988757663344,-0.0001900671786716,-0.0003351935331241167,0.00014512635445251674
