dataset,sample,strategy,n,start,end,annual_mean_pct,annual_vol_pct,sharpe,mean_t,mean_p,mean_ci_low_pct,mean_ci_high_pct,max_pnl_drawdown_pct,worst_month_pct,market_alpha_pct,market_alpha_t,market_alpha_p,market_alpha_ci_low_pct,market_alpha_ci_high_pct,market_beta,market_r2,market_term_alpha_pct,market_term_alpha_t,market_term_alpha_p,market_term_alpha_ci_low_pct,market_term_alpha_ci_high_pct,market_term_beta,market_term_r2,term_beta,mean_q,market_alpha_q,market_term_alpha_q
DFPS,Full,Credit spread,231,2002-09,2021-11,9.950188385088351,14.445409117167616,0.6888131934777167,2.422397933625881,0.01541845634993211,1.899335565220834,18.00104120495586,-51.71973340081599,-18.78421354920985,3.292627139527439,1.1800878850190133,0.23796526254477657,-2.17607504392884,8.761329322983718,1.3566668857068485,0.3016320230298757,4.820014154076642,2.5764311542344713,0.009982608272915354,1.1532258036628118,8.486802504490472,2.004352647385347,0.6920411567115821,-0.8786848562243852,0.07709228174966054,0.5873416158891014,0.09982608272915354
DFPS,Full,Bond momentum,231,2002-09,2021-11,-1.956765304507547,11.236958449348815,-0.17413656135935449,-0.6206070715854453,0.5348581857111245,-8.136617536994963,4.22308692797987,-77.67933107379503,-22.4266630857943,-0.19288155917241737,-0.07961429537538049,0.936544025243443,-4.941373701135702,4.555610582790867,-0.35944132983054966,0.0349904207619125,-0.8652096869113631,-0.30839613737594246,0.7577809207675698,-6.364017164772334,4.633597790949608,-0.644540883096689,0.1600009189351227,0.3867811750594651,0.8578741351054209,0.936544025243443,0.8882015395341407
DFPS,Full,Low volatility,231,2002-09,2021-11,-8.3414978599558,10.630366738350691,-0.7846858029707061,-2.8177103658855627,0.004836741861257019,-14.14384575328692,-2.5391499666246746,-168.27456083240827,-12.71665862438877,-1.751308130611179,-1.0803909700624739,0.2799681152291845,-4.92845791352673,1.4258416523043724,-1.3429380288898798,0.545765576370872,-2.347251807969333,-1.4387419520099312,0.15022364841586583,-5.544915945859249,0.8504123299205838,-1.5956468910908057,0.6555132724419293,0.34283824562422843,0.04836741861257019,0.5873416158891014,0.4545379698465371
DFPS,Full,Equity momentum,231,2002-09,2021-11,0.6292187728343678,7.918440792720072,0.07946245849471385,0.40388225193559796,0.6862993080843367,-2.42431672877518,3.6827542744439143,-21.71958505290579,-12.200000273915421,3.510176197361653,2.531920880053843,0.011343958496937142,0.7928932834174649,6.2274591113058415,-0.5870767677268525,0.18797544930074517,2.8589091628199155,1.9707622902390343,0.048751071896119255,0.015612441099413683,5.702205884540418,-0.8632454016783196,0.42419743622155937,0.3746650162394421,0.8578741351054209,0.11343958496937141,0.24375535948059626
DFPS,Full,Equity value,231,2002-09,2021-11,0.922797143293054,7.532637109120172,0.1225065179597957,0.4766787072472281,0.6335909274063439,-2.871545614954625,4.717139901540732,-38.33315255543,-10.12685085014246,-1.7024072235459573,-0.9697728732739955,0.3321597171195688,-5.143128499740423,1.7383140526485088,0.5349598300846631,0.1724800795456829,-0.9458996052663607,-0.8049779853074047,0.42083238376399823,-3.249022498265821,1.3572232877330999,0.8557555474069181,0.5247000650247227,-0.43520848446970295,0.8578741351054209,0.5873416158891014,0.7013873062733305
DFPS,Full,Equity profitability,231,2002-09,2021-11,-0.4331206568280875,4.52176988656178,-0.09578564758796683,-0.41854175907035257,0.675551061565896,-2.4613925532061907,1.5951512395500156,-29.322363575041564,-7.9255825986784005,0.47728686158623446,0.4614602729627687,0.6444684172534655,-1.5499347726897366,2.504508495862205,-0.18552134740852802,0.05756540378937025,0.11501546068225185,0.14058026513270266,0.8882015395341407,-1.4885545903801474,1.718585511744651,-0.33914189412902335,0.2817122643705009,0.20840978140139196,0.8578741351054209,0.7686041058440773,0.8882015395341407
DFPS,Full,Bond-only,231,2002-09,2021-11,-0.11602492645833179,3.4700823023059875,-0.03343578519196195,-0.13093910735104755,0.8958234777987257,-1.8527776847358677,1.6207278318192044,-17.506924937771412,-3.984516762356453,0.4494791499146144,0.46383449480276606,0.6427663272677429,-1.4498602560673801,2.3488185558966093,-0.11523749100452696,0.03771366400880294,0.535850886398648,0.6141830589345562,0.5390943668811212,-1.1741730585198011,2.245874831317097,-0.07861170893404938,0.059348082453335116,-0.04968847851356387,0.8958234777987257,0.7686041058440773,0.7701348098301732
DFPS,Full,Equity-derived,231,2002-09,2021-11,0.3729650864331114,2.1762772429551163,0.17137756121856546,0.8097488641842006,0.4180845276679871,-0.5297982291355643,1.275728402001787,-10.299392019641484,-3.8962894006844664,0.7616852784673099,1.6272221032110676,0.10368993498076082,-0.15576977751424123,1.6791403344488611,-0.07921276168357248,0.0453056701179253,0.6760083394119366,1.3351868857843774,0.18181518793861484,-0.31634438615353117,1.6683610649774043,-0.11554391613347499,0.09942855244990811,0.049288771057043726,0.8578741351054209,0.518449674903804,0.4545379698465371
DFPS,Full,Combined,231,2002-09,2021-11,0.12847007998738977,2.5348045693309205,0.05068243979901786,0.20660880471864257,0.8363153834616815,-1.0902647997685042,1.347204959743284,-13.767411310970587,-3.5870991964058616,0.6055822141909621,0.9299345566666817,0.3524049695334608,-0.6707883984560562,1.8819528268379804,-0.09722512634404977,0.050310514645024784,0.6059296129052918,0.94881749426382,0.34271344267945714,-0.6457568794647065,1.8576161052752902,-0.09707781253376215,0.05031117056208212,-0.00019985372826008608,0.8958234777987257,0.5873416158891014,0.6854268853589143
DFPS,Full,Combined minus bond,231,2002-09,2021-11,0.24449500644572145,1.401282522116743,0.1744794519212252,0.7305074754068833,0.4650800452767845,-0.4115013094943722,0.9004913223858152,-5.297614473002637,-1.1279517869302182,0.15610306427634782,0.3964898485436113,0.6917436952596696,-0.6155737065300247,0.9277798350827204,0.018012364660477228,0.005650420139506007,0.07007872650664379,0.2205790289414724,0.8254202313575562,-0.55262010670595,0.6927775597192375,-0.01846610359971282,0.13725552625468262,0.04948862478530382,0.8578741351054209,0.7686041058440773,0.8882015395341407
DFPS,Development,Credit spread,161,2002-09,2016-01,8.458768159265597,15.259877240017387,0.554314299271254,1.4818793310520078,0.13837240558645805,-2.7291776098347538,19.646713928365937,-51.71973340081599,-16.64099950627706,2.5584152303424057,0.7003860812525685,0.4836862262506956,-4.6011985679546825,9.718029028639494,1.2263518549790489,0.21922375780892966,4.4637319655779395,1.6974977102514506,0.08960260363248053,-0.690274781940314,9.617738713096193,1.9952339150768952,0.6409013800428326,-0.9332631569827904,0.7265587862332523,0.6909803232152795,0.44801301816240263
DFPS,Development,Bond momentum,161,2002-09,2016-01,-2.59153937108035,12.20215644913042,-0.21238371937650694,-0.595489706823713,0.5515161774864842,-11.121354595613154,5.938275853452456,-77.67933107379503,-22.4266630857943,-0.03894176605607021,-0.011775574543710966,0.9906046680101215,-6.520651952389296,6.442768420277156,-0.5305416210938243,0.06416899761509298,-1.0309299818914681,-0.27709686573890857,0.781705728411894,-8.323046979025557,6.261187015242621,-0.9308540357591051,0.2429363129515596,0.4858961436067072,0.9023468869787156,0.9906046680101215,0.9259974358446156
DFPS,Development,Low volatility,161,2002-09,2016-01,-5.659402080839774,10.679651407789976,-0.5299238584427651,-1.4562925749419369,0.14531175724665046,-13.276297386982641,1.9574932253030985,-109.30939800706628,-12.090581243120289,0.3373725663233237,0.15789480064503994,0.8745396951560702,-3.8505438646949304,4.525288997341578,-1.2463925126224475,0.4623331365138492,-0.4309520839556466,-0.21034592723426399,0.833397692260154,-4.446556738912221,3.584652571000928,-1.5564464942022718,0.6023317225593524,0.37634114866387636,0.7265587862332523,0.9717107723956335,0.9259974358446156
DFPS,Development,Equity momentum,161,2002-09,2016-01,2.089648725905204,8.339393898454398,0.25057561153125213,0.9922514247976061,0.3210748924521035,-2.0380465340029583,6.217343985813366,-21.71958505290579,-12.200000273915421,4.591976622738973,2.4049836713919177,0.016173188408707146,0.8496334677189835,8.334319777758964,-0.520093373229448,0.13202408869556992,3.809356179640671,1.9815408978056261,0.04753064765352099,0.041410678054508085,7.577301681226834,-0.8359163581620407,0.37024598147044985,0.3833435207584517,0.8026872311302587,0.16173188408707145,0.44801301816240263
DFPS,Development,Equity value,161,2002-09,2016-01,0.11473027072930662,7.9348768419208975,0.014458985692528075,0.04277838543633416,0.9658781941369377,-5.141927462744824,5.37138800420344,-38.33315255543,-8.6568026522618,-2.2800077526629385,-1.0285651711353503,0.30368405146690725,-6.624715624004328,2.0647001186784513,0.49773148361684605,0.13355783097891616,-1.4401292402050623,-0.861880645062765,0.38875320081057074,-4.715122508671333,1.8348640282612079,0.8366607067471387,0.4365984398105799,-0.41138969575132067,0.9658781941369377,0.6280085281068478,0.6479220013509512
DFPS,Development,Equity profitability,161,2002-09,2016-01,-0.10660451637537952,5.2397753645837,-0.0203452455416186,-0.07373158578425637,0.9412239653615961,-2.9404626230914177,2.7272535903406583,-28.318063602085843,-7.9255825986784005,1.2320356468304503,0.9236850437294518,0.3556503212959228,-1.3822644159244648,3.8463357095853654,-0.27822807670532423,0.09570532072277615,0.7553059322451091,0.6779988034196355,0.49777245190371744,-1.4281781974225156,2.938790061912734,-0.47061022413600945,0.31961216926372604,0.2335119774227035,0.9658781941369377,0.6280085281068478,0.7111035027195964
DFPS,Development,Bond-only,161,2002-09,2016-01,0.06927556911515725,3.6160832987891913,0.019157625361770143,0.06288671733762435,0.949856711937554,-2.089846757730681,2.2283978959609954,-17.506924937771412,-3.984516762356453,0.952282010203219,0.883798276648008,0.37680511686410867,-1.1595944092409352,3.0641584296473736,-0.18352742624574092,0.08743485800417805,1.0006166332436086,0.9604915898984362,0.3368078616823178,-1.0412634017131304,3.0424966682003474,-0.1640222049614941,0.09226753856602665,-0.023675288237402253,0.9658781941369377,0.6280085281068478,0.6479220013509512
DFPS,Development,Equity-derived,161,2002-09,2016-01,0.6992581600863773,2.4596467072242434,0.284292113185435,1.1092066184835838,0.2673410580793911,-0.5363511221977448,1.9348674423704986,-10.299392019641484,-3.8962894006844664,1.1813348389688278,1.8008432993908052,0.07172758201197992,-0.10440517248145675,2.4670748504191127,-0.10019665543930872,0.05632750311119972,1.041510957226906,1.4654132667225848,0.14280820003691008,-0.35151688175961177,2.4345387962134235,-0.15662195851697047,0.14373838793585403,0.06848860080994483,0.8026872311302587,0.35863791005989953,0.47602733345636694
DFPS,Development,Combined,161,2002-09,2016-01,0.38426686460076726,2.7159390672053645,0.14148581948716857,0.4794158486154752,0.6316428208851008,-1.186734713241505,1.9552684424430389,-13.767411310970587,-3.5870991964058616,1.0668084245860237,1.3598626576265296,0.17387338988982137,-0.4708060546865294,2.604422903858577,-0.14186204084252485,0.09260871866731502,1.0210637952352573,1.2599558133209074,0.20768530269174967,-0.5673133664893675,2.609440956959882,-0.16032208173923226,0.10028212951345494,0.022406656286271285,0.9023468869787156,0.5795779662994046,0.5192132567293741
DFPS,Development,Combined minus bond,161,2002-09,2016-01,0.31499129548560995,1.478727546675939,0.2130150994980009,0.7801710636190842,0.4352901921221368,-0.47635174188347473,1.1063343328546946,-4.573655852932033,-1.1279517869302182,0.11452641438280464,0.2697797968380994,0.7873296665072778,-0.7175291169103981,0.9465819456760074,0.041665385403216126,0.026948462562933595,0.020447161991648713,0.05494780013646392,0.9561800503720227,-0.7089075602010665,0.7498018841843639,0.0037001232222617737,0.1364347321105991,0.046081944523673556,0.8705803842442736,0.9717107723956335,0.9561800503720227
DFPS,Evaluation,Credit spread,70,2016-02,2021-11,13.380454904480686,12.41630841295453,1.0776516223228003,2.7561718263555384,0.00584822659389678,3.865194875333613,22.895714933627758,-21.44438989647728,-18.78421354920985,4.944440853257047,1.0832145393264578,0.2787132077037282,-4.002174725231897,13.89105643174599,1.6450681534110392,0.6192217001577731,5.6906690432746325,2.5449696458131026,0.010928723789037037,1.308019001389856,10.073319085159408,2.0261147356877727,0.8986751380314603,-0.6994454922577752,0.029241132969483895,0.8957079285891709,0.05954681085896491
DFPS,Evaluation,Bond momentum,70,2016-02,2021-11,-0.4967849513900979,8.682202759079003,-0.05721876868984758,-0.11834002437227027,0.9057982453287331,-8.724757777063694,7.731187874283499,-18.43698354342851,-9.6723168497596,-0.6053672452558941,-0.1658752670060366,0.8682551119000195,-7.758451741321074,6.547717250809285,0.021174131832678873,0.00020980447075147346,-0.7637410800964733,-0.18089960407635294,0.8564463796264836,-9.03867636606466,7.511194205871715,-0.059696316771843054,0.025952745118841825,0.14844502841444482,0.9057982453287331,0.8957079285891709,0.8564463796264836
DFPS,Evaluation,Low volatility,70,2016-02,2021-11,-14.510318151922657,10.372615371298576,-1.3989064119810382,-3.1381505264112515,0.0017001754127877033,-23.573052185363768,-5.447584118481538,-84.94013165384906,-12.71665862438877,-6.541786823265542,-2.5545956917744594,0.010631120342853607,-11.560938078740408,-1.5226355677906755,-1.553906505920359,0.7916561366572741,-6.77107783335433,-2.5148186629503657,0.011909362171792982,-12.048322172635908,-1.4938334940727505,-1.6709893994774236,0.829461084608323,0.21491624889975305,0.017001754127877033,0.10631120342853607,0.05954681085896491
DFPS,Evaluation,Equity momentum,70,2016-02,2021-11,-2.729770119228557,6.809713199622706,-0.4008641831464797,-0.9779952849526884,0.3280766560879472,-8.200501436656943,2.7409611981998294,-20.529106983342878,-7.34931745495354,1.0346814901091146,0.5461400578087855,0.5849696661574504,-2.6786072379700463,4.747970218188276,-0.7340883289164365,0.40992306632504305,0.6778103419098005,0.30299998749318846,0.7618898711290145,-3.7067055821150294,5.062326265934631,-0.9163174823491381,0.6224022411702914,0.3344981056250149,0.6561533121758945,0.8957079285891709,0.8564463796264836
DFPS,Evaluation,Equity value,70,2016-02,2021-11,2.7813509501896694,6.535820363901791,0.425554987029852,1.3599562904036846,0.17384375618872072,-1.2271954279836785,6.7898973283630175,-16.183687037153316,-10.12685085014246,-0.3811663497639459,-0.1310851750112003,0.8957079285891709,-6.080407667277546,5.318074967749655,0.6167078982058519,0.31406689965629664,0.15631217056388233,0.19266243621681534,0.8472233437851729,-1.433888079787097,1.7465124209148617,0.89116061381989,0.8372734216544728,-0.50378280163849,0.5794791872957358,0.8957079285891709,0.8564463796264836
DFPS,Evaluation,Equity profitability,70,2016-02,2021-11,-1.184107779869316,2.1028381371064464,-0.5630998216052308,-1.1824199127352109,0.23703912590519982,-3.1469056180545616,0.7786900583159302,-8.581543123785133,-1.85852114679914,-1.2963022568001277,-1.0663725518762714,0.2862552644280547,-3.6789146176095113,1.0863101040092562,0.02187852697574826,0.0038184563340379896,-1.4677661317550612,-2.1322524693148512,0.032986097159982,-2.816959841055498,-0.11857242245462435,-0.06567609024390335,0.5181992171396489,0.1607144249260452,0.5925978147629996,0.8957079285891709,0.10995365719994
DFPS,Evaluation,Bond-only,70,2016-02,2021-11,-0.5422160662773561,3.1296820836307124,-0.17324956714080575,-0.31520149702375194,0.7526086689969059,-3.9138481807769105,2.829416048222198,-8.409376442035525,-3.90368124258783,-0.7342377384214624,-0.3382898475692714,0.7351447736753607,-4.988299684550016,3.5198242077070914,0.03744525977445317,0.005049595718575772,-0.6147166233920562,-0.37291727858063295,0.7092100117068099,-3.8455794743551723,2.61614622757106,0.09847633981283517,0.11788359001854254,-0.11202807164785908,0.9057982453287331,0.8957079285891709,0.8564463796264836
DFPS,Evaluation,Equity-derived,70,2016-02,2021-11,-0.37750898296940066,1.3001129546334653,-0.29036629596220737,-0.5859329525765041,0.5579205719378482,-1.6403114987972085,0.8852935328584075,-3.676004333050446,-1.9586876297441898,-0.21426237215165317,-0.3600125832477147,0.7188377235657901,-1.380761180689913,0.9522364363866065,-0.031833967911612165,0.021148654271375134,-0.21121453976045948,-0.3545748039044944,0.7229081548049342,-1.3787551923162662,0.9563261127953471,-0.030277652924383763,0.021573832606128773,-0.0028567570291433055,0.9057982453287331,0.8957079285891709,0.8564463796264836
DFPS,Evaluation,Combined,70,2016-02,2021-11,-0.4598625246233782,2.066625278284215,-0.22251858111654,-0.40419438151193926,0.6860697850082951,-2.68980581302408,1.7700807637773235,-5.000433489474428,-2.4973310590790296,-0.47425005528655784,-0.35081318281089585,0.7257285065544596,-3.123894236026231,2.1753941254531153,0.002805645931420495,6.501380911971832e-05,-0.4129655815762578,-0.37595953927984416,0.7069469760004741,-2.5658901793665057,1.7399590162139897,0.03409934344422568,0.06809941785163809,-0.057442414338501176,0.9057982453287331,0.8957079285891709,0.8564463796264836
DFPS,Evaluation,Combined minus bond,70,2016-02,2021-11,0.08235354165397776,1.2131206777807013,0.06788569609137021,0.13141520074619745,0.8954468644885949,-1.1459133614536297,1.3106204447615852,-3.075793168591392,-0.7821511777350602,0.25998768313490495,0.30964431333214826,0.7568314541532171,-1.3856936260445196,1.9056689923143295,-0.03463961384303265,0.02876083123973161,0.2017510418157982,0.3514807569410913,0.7252277064770138,-0.9232950215885758,1.3267971052201721,-0.06437699636860948,0.20705443643297217,0.054585657309357875,0.9057982453287331,0.8957079285891709,0.8564463796264836
DFPS,2013–2023 overlap,Credit spread,107,2013-01,2021-11,6.526557530328294,11.911994400907577,0.5478979682723015,1.573761055032082,0.11554270074351998,-1.60177473367139,14.654889794327971,-36.1415457217106,-18.78421354920985,0.49585232114435346,0.12148698030990648,0.9033053265277008,-7.503939483407422,8.49564412569613,1.5213946166015277,0.4649324762930819,1.243200447101738,0.5119025840309117,0.6087191895985538,-3.5168319347083634,6.00323282891184,2.1456350749279682,0.8175636248848271,-0.7877069444075903,0.5777135037175999,0.9033053265277008,0.6763546551095042
DFPS,2013–2023 overlap,Bond momentum,107,2013-01,2021-11,2.498676116424128,9.010231669097955,0.2773154129869647,0.8562280349412427,0.39187165842696314,-3.2210679100925557,8.218420142940813,-18.43698354342851,-9.6723168497596,2.4848013775088726,0.8433179190113472,0.3990506637997582,-3.2902575772764338,8.25986033229418,0.003500246216689873,4.301306285592332e-06,2.2669035062347,0.6781462527802017,0.4976789667846918,-4.2849735468412,8.8187805593106,-0.17850418024560485,0.052397847368171546,0.22966494517453795,0.8960971312856897,0.9033053265277008,0.6763546551095042
DFPS,2013–2023 overlap,Low volatility,107,2013-01,2021-11,-7.775332641662241,9.825399070511116,-0.7913503142074175,-2.069672696960392,0.038483005221611855,-15.138647623803898,-0.4120176595205794,-84.94013165384906,-12.71665862438877,-1.480584496827983,-0.6046502375213874,0.5454114190563786,-6.279963433117907,3.3187944394619415,-1.5880059807647604,0.7445244494696455,-1.698161607824082,-0.6795834723583873,0.49676823764805433,-6.595862753769442,3.1995395381212783,-1.769742484506652,0.7884553137413991,0.22932686297462324,0.38483005221611855,0.9033053265277008,0.6763546551095042
DFPS,2013–2023 overlap,Equity momentum,107,2013-01,2021-11,1.277238649770139,6.858294129300533,0.18623270243155965,0.573836442757688,0.5660784854204444,-3.085307133343479,5.639784432883754,-20.52910698334288,-7.34931745495354,3.8654188707479307,1.9444605145396794,0.051839942527803516,-0.030891149442680357,7.761728890938541,-0.6529325043103873,0.25833274543575746,3.481027189219551,1.7372904812580547,0.0823359108597585,-0.44624540248290046,7.408299780922002,-0.974004881586715,0.5397556761699749,0.4051498711186709,0.8960971312856897,0.5183994252780352,0.6763546551095042
DFPS,2013–2023 overlap,Equity value,107,2013-01,2021-11,-0.15634503456603976,6.247865932644034,-0.02502374990941525,-0.077084081036207,0.9385566568098563,-4.131695893396464,3.819005824264383,-26.299897721455494,-10.12685085014246,-2.3325607082360458,-0.9232577190683346,0.3558729160795914,-7.28439473433669,2.619273317864599,0.5490042533406196,0.22007114792772597,-1.8484284972911955,-1.36310283729845,0.17285010271331713,-4.506276280713796,0.8094192861314051,0.9533873015534658,0.7579794992331985,-0.51027665866443,0.9385566568098563,0.9033053265277008,0.6763546551095042
DFPS,2013–2023 overlap,Equity profitability,107,2013-01,2021-11,-0.5256581756102588,2.2411192643963704,-0.23455162960809275,-0.6100950551608433,0.5417988420622102,-2.2143950625605795,1.1630787113400625,-8.581543123785131,-1.85852114679914,-0.577481803391253,-0.5640522951160746,0.5727185427052134,-2.5841473988462504,1.4291837920637447,0.013073792464386709,0.0009699477277832491,-0.7349842047107582,-1.1742040405294327,0.2403133080163382,-1.9618314914766533,0.49186308205513707,-0.11848386824594238,0.44344435366537505,0.16600795662839316,0.8960971312856897,0.9033053265277008,0.6763546551095042
DFPS,2013–2023 overlap,Bond-only,107,2013-01,2021-11,0.41663366836339366,3.0240870365800845,0.13777171864555898,0.362634807579394,0.7168777050285517,-1.8352240488897062,2.668491385616493,-8.409376442035525,-3.90368124258783,0.5000230672750816,0.3259088030882978,0.7444933551315632,-2.5070918144718783,3.507137949022042,-0.0210370393155143,0.001379290542878886,0.6039807818374521,0.5128641515192347,0.6080463513112906,-1.7042373474560089,2.912198911130913,0.06579613672523703,0.10724824080355488,-0.10957171208614301,0.8960971312856897,0.9033053265277008,0.6763546551095042
DFPS,2013–2023 overlap,Equity-derived,107,2013-01,2021-11,0.19841181319794648,1.2944188228794336,0.15328254633734353,0.48183901468408474,0.6299203116710859,-0.6086775714649927,1.0055011978608854,-3.676004333050446,-1.9586876297441898,0.31845878637354397,0.7525510358201899,0.45171975053138,-0.5109590093402923,1.1478765820873802,-0.030284819501793674,0.01560182614698813,0.29920482907253293,0.650888460856686,0.5151184907691067,-0.6017812849081979,1.2001909430532638,-0.04636714942639736,0.035423215967644195,0.020293723027544668,0.8960971312856897,0.9033053265277008,0.6763546551095042
DFPS,2013–2023 overlap,Combined,107,2013-01,2021-11,0.3075227407806701,1.9693412600644393,0.1561551301528144,0.42404555705290226,0.6715325891584719,-1.113891920698538,1.728937402259878,-5.000433489474427,-2.4973310590790296,0.4092409268243125,0.44067144478801257,0.6594508720281883,-1.410963731459169,2.2294455851077943,-0.025660929408654005,0.004839248211317981,0.4515928054549926,0.5724792952985966,0.5669973088253626,-1.0945275624966886,1.9977131734066738,0.009714493649419828,0.04627231996445502,-0.04463899452929917,0.8960971312856897,0.9033053265277008,0.6763546551095042
DFPS,2013–2023 overlap,Combined minus bond,107,2013-01,2021-11,-0.1091109275827235,1.2377423998255674,-0.08815317920602889,-0.23323921848641443,0.815575653559899,-1.0260125509458407,0.8077906957803935,-3.336521814746845,-1.1279517869302182,-0.09078214045076874,-0.1428182750984807,0.8864337035970643,-1.3366520766393455,1.155087795737808,-0.00462389009313968,0.0003977677447243311,-0.15238797638245988,-0.3623803950184365,0.7170677878671171,-0.976605946823233,0.6718299940583132,-0.05608164307581719,0.22233333446624204,0.06493271755684382,0.90619517062211,0.9033053265277008,0.7170677878671171
OSBAP,Full,Credit spread,231,2002-09,2021-11,10.25158693839716,14.558643288363076,0.7041581234833465,2.452048699017521,0.014204543638136837,2.0571695896270166,18.44600428716731,-49.51431578739537,-18.949242746677612,3.701005794569388,1.2941913425337408,0.19559933645252103,-1.9040165224199423,9.306028111558717,1.3348666564490752,0.2874912622957033,5.251276922112753,2.6686327222281827,0.007616068141525974,1.3944319236945215,9.108121920530985,1.9922563857623483,0.6834546042618974,-0.8918497733963664,0.07102271819068418,0.6122304452823576,0.07616068141525974
OSBAP,Full,Bond momentum,231,2002-09,2021-11,-1.719740924222279,11.496207953276253,-0.14959201601186917,-0.543090185612997,0.5870677096622152,-7.926246401155354,4.486764552710797,-79.07532511536665,-24.47385628536941,0.02366864391445414,0.009772471071668967,0.9922028203178778,-4.7233949935333275,4.7707322813622355,-0.3552691356602472,0.03265851451449753,-0.6632371645126082,-0.2343475508306199,0.8147151732806652,-6.210318146742617,4.883843817717401,-0.6465503286352817,0.15732985506507735,0.39516751535011074,0.8952050190737906,0.9922028203178778,0.9052390814229614
OSBAP,Full,Low volatility,231,2002-09,2021-11,-8.335752616486802,10.706184133085566,-0.7785923082274137,-2.7462217389071335,0.00602860023732296,-14.28504465537945,-2.386460577594154,-168.17926279231173,-12.41426325682129,-1.7491730576228413,-1.030512414352356,0.30276952765069753,-5.076041463274602,1.5776953480289189,-1.3422023542843893,0.5374737592659007,-2.367043647406836,-1.3995390143839737,0.1616514074337425,-5.681996286265208,0.9479089914515358,-1.6042092849123155,0.6537810941670354,0.3554524984028766,0.0602860023732296,0.6122304452823576,0.5388380247791418
OSBAP,Full,Equity momentum,231,2002-09,2021-11,0.6756722100859291,7.931105489258277,0.08519268984645903,0.4388723411781058,0.6607540389894941,-2.341873913266098,3.6932183334379562,-22.58251522656897,-12.64090478705375,3.5525191188211784,2.5809959205270356,0.009851574592203496,0.854747527044432,6.250290710597924,-0.5862391335763669,0.18684128655894838,2.8999964165168084,2.0242258214968274,0.042946921922915854,0.0920127834605532,5.707980049573064,-0.8629402312213905,0.4232183175843691,0.3753873847269086,0.8952050190737906,0.09851574592203496,0.21473460961457927
OSBAP,Full,Equity value,231,2002-09,2021-11,0.5498635897912176,7.916461705285713,0.06945825171163036,0.25989694276042596,0.7949432695881334,-3.5969056047361847,4.696632784318619,-44.61665620745549,-13.52906929014455,-2.333879275584524,-1.1683370807797344,0.2426708236973294,-6.249190580343219,1.5814320291741712,0.5876443802837353,0.18843329146415388,-1.5485599003115649,-1.1721768704753992,0.2411260525445581,-4.137910945414248,1.0407911447911178,0.9206576721930367,0.5320797465817713,-0.451783494149719,0.8952050190737906,0.6122304452823576,0.6028151313613952
OSBAP,Full,Equity profitability,231,2002-09,2021-11,-0.4797211155915706,4.7433812023793775,-0.10113484350592201,-0.4644831049608344,0.6423016613025005,-2.50402162623934,1.5445793950561986,-30.338139663992024,-8.0561250596527,0.41867543548867886,0.3932415769580585,0.6941410641631196,-1.668092347067876,2.505443218045234,-0.1830737722310099,0.05094093293018265,0.06236803258679356,0.07066690110223771,0.9436628640489644,-1.66745656653157,1.792192631705157,-0.3341652961486124,0.2479812551174959,0.2049787749327783,0.8952050190737906,0.8676763302038994,0.9436628640489644
OSBAP,Full,Bond-only,231,2002-09,2021-11,0.06536446589602671,3.5306666935832816,0.018513349338475267,0.07238139356358737,0.9422983917365362,-1.7046256772705735,1.8353546090626265,-17.187132771785045,-4.655626143489195,0.6585004602870014,0.6795950055220725,0.4967609329729792,-1.2406613812145006,2.557662301788503,-0.12086827783185372,0.04007761945142674,0.7403320367311034,0.8425280584029801,0.39949244093772396,-0.9819260857383644,2.4625901592005714,-0.08616774259508303,0.05883662742788287,-0.04707658654779306,0.9422983917365362,0.7096584756756846,0.6145011343345471
OSBAP,Full,Equity-derived,231,2002-09,2021-11,0.24860489476185885,2.194678229706112,0.1132762385833432,0.5028983150886361,0.6150357658094452,-0.7203098522429361,1.2175196417666538,-11.133747582424986,-4.624639145560117,0.545771759575111,0.9838259533827206,0.32520109614024584,-0.5415269085370586,1.633070427687281,-0.06055617517454723,0.026035495780997175,0.47126818293067835,0.788933638057179,0.430150794034183,-0.6995345233891963,1.6420708892505531,-0.09214928505898873,0.06627883477349539,0.0428608885033226,0.8952050190737906,0.6122304452823576,0.6145011343345471
OSBAP,Full,Combined,231,2002-09,2021-11,0.1569846803289429,2.542959112438563,0.061733072923222464,0.24599704863346591,0.8056845171664115,-1.0938025756725875,1.407771936330473,-14.038482554038156,-3.5997831035691763,0.6021361099310563,0.9014703959385755,0.36733826716941453,-0.7070436266215858,1.9113158464836983,-0.09071222650320052,0.043515461016475965,0.6058001098308909,0.927975225313595,0.35342042099098225,-0.6737256607706823,1.8853258804324642,-0.08915851382703592,0.04358795694649231,-0.0021078490222352325,0.8952050190737906,0.6122304452823576,0.6145011343345471
OSBAP,Full,Combined minus bond,231,2002-09,2021-11,0.09162021443291599,1.4746080391167695,0.06213191031278574,0.26155934156284905,0.7936611936652679,-0.5949376397638764,0.7781780686297085,-6.766219249501891,-1.3729705858569352,-0.05636435035594524,-0.13391388934901247,0.8934706671018682,-0.8813282673528593,0.768599566640969,0.0301560513286533,0.014301659813250933,-0.13453192690021218,-0.36175595618980283,0.71753440791454,-0.8634282234578542,0.5943643696574299,-0.0029907712319528117,0.11242709022926345,0.044968737525557835,0.8952050190737906,0.9922028203178778,0.896918009893175
OSBAP,Development,Credit spread,161,2002-09,2016-01,8.923847580520071,15.43327999145804,0.57822106418462,1.5391588964988898,0.1237655094862284,-2.4399832088840387,20.28767836992418,-49.51431578739537,-16.604322456767758,3.128608167150594,0.8434767040047207,0.3989618892347657,-4.141387528641432,10.39860386294262,1.2045046610339598,0.20675690018573945,5.0662316688398,1.8335033860662107,0.06672774547614997,-0.3495282072466393,10.481991544926238,1.9864239724646806,0.6331111402113478,-0.9490876728204329,0.7930596742997248,0.5787929876681481,0.33363872738074984
OSBAP,Development,Bond momentum,161,2002-09,2016-01,-2.3537768130308843,12.525430355200788,-0.18791983558900655,-0.5388739341612977,0.5899738439673488,-10.9149675871232,6.207413961061432,-79.07532511536665,-24.47385628536941,0.14852354538870946,0.044828395096237074,0.9642440918241986,-6.3452656776456475,6.642312768423066,-0.5200876495404222,0.05852309442969539,-0.8624330888918947,-0.2287695711265951,0.8190480183559014,-8.251391532550942,6.526525354767153,-0.9280546847636574,0.23473206343638242,0.4951872634261924,0.9144771717486644,0.9642440918241986,0.8475552834834672
OSBAP,Development,Low volatility,161,2002-09,2016-01,-5.6453873771655685,10.80538973372687,-0.5224603199220679,-1.4097553500925442,0.15861193485994496,-13.494238072088017,2.2034633177568863,-110.91184029534192,-12.41426325682129,0.38169607072111905,0.17054883100069518,0.8645785352358003,-4.0048734192236335,4.7682655606658715,-1.2526920093537974,0.4562125789328151,-0.4126068321188433,-0.19223863552213416,0.8475552834834672,-4.619406306930029,3.794192642692342,-1.5732293987457984,0.6023763359649726,0.38906582879165164,0.7930596742997248,0.9606428169286669,0.8475552834834672
OSBAP,Development,Equity momentum,161,2002-09,2016-01,1.994073520198344,8.327539960091555,0.23945529289017314,0.9554455591503048,0.3393524238754282,-2.096566770248503,6.084713810645188,-22.58251522656897,-12.64090478705375,4.511124603452559,2.4105475152256757,0.015928596352905916,0.8431594764763147,8.179089730428801,-0.5231534964450282,0.133962834086799,3.739073677421806,1.9588461161468982,0.050130811015259805,-0.0022025501168114123,7.480349904960423,-0.834711199964379,0.36645413932126036,0.37816635483961714,0.9144771717486644,0.15928596352905916,0.33363872738074984
OSBAP,Development,Equity value,161,2002-09,2016-01,-0.35627602663960056,8.474560366783077,-0.042040650041984665,-0.12120219082489211,0.9035308888846175,-6.117731388634604,5.405179335355403,-44.61665620745549,-13.52906929014455,-3.1480946771202905,-1.2251659264025574,0.22051270973666348,-8.18436399720615,1.8881746429655688,0.5802622355010433,0.15913795446491352,-2.2571442934181802,-1.2295161467112738,0.2188783477170576,-5.855309983989235,1.3410213971528748,0.9398012842047532,0.45810337085207553,-0.4364057442166261,0.9144771717486644,0.5787929876681481,0.49604360707882833
OSBAP,Development,Equity profitability,161,2002-09,2016-01,-0.15434550705134678,5.509286705266944,-0.028015515493828014,-0.10739304517039859,0.9144771717486644,-2.971261568427942,2.6625705543252502,-29.02197937223078,-8.0561250596527,1.165567209867975,0.8324498195107445,0.40515509136770367,-1.5787564452009952,3.9098908649369455,-0.2743356928480976,0.08416536226173899,0.7005122510796136,0.5652427081394186,0.5719086912753542,-1.7285398929727922,3.129564395132019,-0.46200654471184815,0.276902800111436,0.22779344293938217,0.9144771717486644,0.5787929876681481,0.7148858640941926
OSBAP,Development,Bond-only,161,2002-09,2016-01,0.3082277967745402,3.693168536234467,0.08345890358115296,0.27335948646234515,0.7845768922687124,-1.9017795803110031,2.518235173860083,-17.187132771785045,-4.655626143489195,1.219609261086807,1.1352576404855175,0.2562673849013235,-0.886022153741479,3.3252406759150928,-0.18942499928675358,0.08929679007291769,1.2637305826096874,1.2099372307030059,0.22630297965669766,-0.7834102764874702,3.3108714417068454,-0.17162003701492506,0.09315732103540753,-0.021611526867529655,0.9144771717486644,0.5787929876681481,0.49604360707882833
OSBAP,Development,Equity-derived,161,2002-09,2016-01,0.4944839955024658,2.481104288190465,0.19929996407491038,0.7178506273963559,0.4728493931899742,-0.8556417746735381,1.844609765678469,-11.133747582424986,-4.624639145560117,0.8428657120667475,1.051192519524795,0.29317017811790125,-0.7286987397024113,2.414430163835906,-0.07240898459736082,0.02891041920456372,0.7274805450277471,0.8400224292652825,0.4008958108279602,-0.9699287366523868,2.4248898267078807,-0.11897215349049152,0.08741073324676996,0.05651801785412438,0.9144771717486644,0.5787929876681481,0.668159684713267
OSBAP,Development,Combined,161,2002-09,2016-01,0.40135589613850303,2.724285139779473,0.1473252158072529,0.4821605999585612,0.6296918634719852,-1.2301701068137791,2.032881899090784,-14.038482554038156,-3.5997831035691763,1.031237486576777,1.222572887673054,0.22149105862767704,-0.6220181140259156,2.6844930871794697,-0.13091699194205722,0.07838743004819693,0.9956055638187171,1.1551675911426433,0.24802180353941417,-0.6936617944824759,2.68487292211991,-0.14529609525270826,0.08301466619117981,0.017453245493297357,0.9144771717486644,0.5787929876681481,0.49604360707882833
OSBAP,Development,Combined minus bond,161,2002-09,2016-01,0.09312809936396263,1.5735172830736284,0.05918466887255979,0.21948583231225824,0.8262716149954661,-0.7385022288008336,0.9247584275287589,-5.541527153100501,-1.3729705858569352,-0.1883717745100296,-0.43557202291214386,0.6631472729433985,-1.036012712445404,0.6592691634253447,0.058508007344696376,0.04692962594164973,-0.26812501879097006,-0.636186071730397,0.5246551503017464,-1.0941805710618604,0.5579305334799203,0.026323941762216738,0.11641636842239877,0.039064772360827005,0.9144771717486644,0.8289340911792481,0.7148858640941926
OSBAP,Evaluation,Credit spread,70,2016-02,2021-11,13.305387461514462,12.372016501592565,1.075442104349097,2.661376811517884,0.0077821811807849035,3.5064896460282187,23.10428527700071,-21.639588658401443,-18.949242746677612,4.97918212782142,1.0430440714731024,0.29692788176183693,-4.377274840240306,14.335639095883145,1.6236548623615437,0.6075329181812388,5.732257678840889,2.445412514313975,0.014468654648285794,1.1378487663306731,10.326666591351104,2.0081979133355006,0.8941798205003779,-0.7058635770349213,0.038910905903924514,0.9302431651920945,0.07234327324142896
OSBAP,Evaluation,Bond momentum,70,2016-02,2021-11,-0.26145837996248367,8.745864339487882,-0.029895087530913318,-0.06185899676143994,0.9506751207748888,-8.545757375349883,8.022840615424913,-18.67949104195433,-9.85772409493635,-0.3195669874779101,-0.08753890147551358,0.9302431651920945,-7.474686424656444,6.835552449700623,0.011331491280390139,5.921503979400278e-05,-0.4825711109930242,-0.11418591574297039,0.9090904164900969,-8.76589897495996,7.8007567529739115,-0.07190332213638159,0.0269338668529846,0.15278503403816665,0.9506751207748888,0.9302431651920945,0.9234504565286512
OSBAP,Evaluation,Low volatility,70,2016-02,2021-11,-14.523592666925643,10.329113349286251,-1.406083191828777,-3.1013002641975485,0.0019267280719464427,-23.70240129626028,-5.344784037591002,-85.02550333923884,-12.08606284054574,-6.63940846040521,-2.491311675918924,0.01272724184382115,-11.86285790199074,-1.4159590188196816,-1.537458363039563,0.7815270251378205,-6.883975284445527,-2.499632891045511,0.012432206150884573,-12.28180454403322,-1.4861460248578349,-1.662341547145271,0.8249000926883392,0.22923438824626172,0.019267280719464427,0.1272724184382115,0.07234327324142896
OSBAP,Evaluation,Equity momentum,70,2016-02,2021-11,-2.3566508031726228,6.910330840253261,-0.34103299214632854,-0.8446274421951226,0.39831888224125367,-7.825376235789184,3.112074629443937,-20.202624788674086,-7.6527310284238395,1.360176320307521,0.6829966845597418,0.4946089375420879,-2.5431304571202547,5.263483097735297,-0.7248012977982952,0.38806422245258065,0.982017693361946,0.44368944708298946,0.657267126162088,-3.35604960042564,5.3200849871495315,-0.9179004788312144,0.6197511241977393,0.3544510251874009,0.7966377644825073,0.9302431651920945,0.9234504565286512
OSBAP,Evaluation,Equity value,70,2016-02,2021-11,2.633984707582099,6.468342868306352,0.4072116709347803,1.2786049148737477,0.2010362183533212,-1.4037050954253303,6.6716745105895265,-16.71275465991827,-10.198033094740321,-0.45635467088010995,-0.1555266573637607,0.8764061400881259,-6.207491936262068,5.294782594501847,0.6026328149610942,0.3061842511011196,0.07995599413936925,0.09608828366574165,0.9234504565286512,-1.55097904325101,1.7108910315297485,0.8764891884913125,0.8380449981618279,-0.5026881617656451,0.5750117438464725,0.9302431651920945,0.9234504565286512
OSBAP,Evaluation,Equity profitability,70,2016-02,2021-11,-1.228085015234086,2.1328257107263457,-0.5758018618482683,-1.2003467574500617,0.230004697538589,-3.2333777482874764,0.7772077178193036,-8.86922495050015,-1.8720377541124,-1.3362904994588425,-1.074976496759132,0.28238525115940194,-3.7727431910623825,1.1001621921446978,0.021100651924204374,0.00345258494721401,-1.5108666816179999,-2.0926032272264043,0.03638458824798806,-2.925993380001366,-0.09573998323463327,-0.06804320306350384,0.5217874069092785,0.16363161469940923,0.5750117438464725,0.9302431651920945,0.12128196082662689
OSBAP,Evaluation,Bond-only,70,2016-02,2021-11,-0.4932211951245541,3.144259113769795,-0.15686404245902266,-0.28307195349559977,0.7771216805370982,-3.9083018151095814,2.921859424860474,-8.600643010529318,-3.8041069431028904,-0.6599311066872339,-0.3041328660007566,0.7610266686070208,-4.9128912885827365,3.593029075208268,0.03250933020079026,0.0037708803049375517,-0.5447629055325541,-0.32575707141233506,0.7446081605596975,-3.8224670247849453,2.7329412137198377,0.0913176813512828,0.1075666485772977,-0.10794805158349767,0.9506751207748888,0.9302431651920945,0.9234504565286512
OSBAP,Evaluation,Equity-derived,70,2016-02,2021-11,-0.31691703694153694,1.3198792828250154,-0.24011062304366249,-0.49560010315924746,0.6201765800103142,-1.5702609899508049,0.9364269160677312,-3.706522147551143,-2.059664001945623,-0.14415628334381025,-0.2577802690631947,0.7965764929863767,-1.2402305344130498,0.9519179677254291,-0.033689276970998924,0.022981497122552486,-0.14963099803889462,-0.2541834070140675,0.7993538690090876,-1.303430766487204,1.0041687704094149,-0.03648483113446852,0.024312581838138003,0.005131492707054994,0.9506751207748888,0.9302431651920945,0.9234504565286512
OSBAP,Evaluation,Combined,70,2016-02,2021-11,-0.40506911603304563,2.0754141693067987,-0.19517507494339847,-0.355987159780399,0.7218501811516194,-2.635305363639649,1.8251671315735578,-4.979115482237412,-2.5856727314803547,-0.40204369501552234,-0.3032273236705522,0.7617166273758249,-3.0007727036406466,2.196685313609602,-0.0005899733851043272,2.850484253413832e-06,-0.3471969517857241,-0.3144110244265782,0.7532088841166534,-2.511580426382787,1.8171865228113384,0.02741642510840716,0.05403388360657613,-0.05140827943822134,0.9506751207748888,0.9302431651920945,0.9234504565286512
OSBAP,Evaluation,Combined minus bond,70,2016-02,2021-11,0.08815207909150871,1.227550151202841,0.07181138709903706,0.1347991271442693,0.8927706959771711,-1.193592682018411,1.3698968402014284,-3.2111814390889877,-0.7928216221119302,0.25788741167171186,0.29727079778187315,0.7662597744478975,-1.4424455192724286,1.9582203426158524,-0.03309930358589457,0.025646174028606028,0.19756595374682945,0.33293579114053556,0.7391827517487484,-0.9655089683492822,1.3606408758429411,-0.06390125624287568,0.2124631373621444,0.056539772145276335,0.9506751207748888,0.9302431651920945,0.9234504565286512
OSBAP,2013–2023 overlap,Credit spread,107,2013-01,2021-11,6.489066672177107,11.869762088615955,0.5466888572603016,1.539369174429538,0.12371419506134781,-1.773129874782072,14.751263219136288,-36.34460393794123,-18.949242746677612,0.527510510435008,0.1262861938340641,0.8995053844856412,-7.659612476351284,8.7146334972213,1.5039500583165482,0.45757037163616343,1.2765966615555093,0.5198379102009122,0.6031765540174343,-3.536691110553589,6.089884433664608,2.1296422438725413,0.8143690531431627,-0.7895388276263906,0.618570975306739,0.8995053844856412,0.6536381100880072
OSBAP,2013–2023 overlap,Bond momentum,107,2013-01,2021-11,2.732253840067123,9.04565823543539,0.30205141173295863,0.9394490359958473,0.347500246761717,-2.9681272570882444,8.432634937222488,-18.67949104195433,-9.85772409493635,2.7515493324109563,0.9439014951379309,0.3452199879266826,-2.96200946509619,8.465108129918104,-0.0048677654036014,8.253801564106489e-06,2.5302984836528357,0.7639172622565056,0.44491654970155514,-3.9617462350516774,9.022343202357348,-0.18967284677976995,0.05360436430142623,0.23319899250377088,0.7777189817977865,0.8277764347774527,0.6536381100880072
OSBAP,2013–2023 overlap,Low volatility,107,2013-01,2021-11,-7.514167761161542,9.862944114244915,-0.7618584952041787,-1.9440449959332076,0.05189002527960749,-15.090005173714221,0.06166965139114064,-85.02550333923884,-12.08606284054574,-1.2731335361768388,-0.4880159210316314,0.6255385639756887,-6.386371902727723,3.8401048303740457,-1.5744553153514969,0.7263110114976168,-1.5057327852993059,-0.5715814399765282,0.5676055723386282,-6.6690149578412115,3.6575493872425993,-1.7687394204900384,0.7761359998069846,0.2451602371559411,0.5189002527960749,0.8277764347774527,0.6536381100880072
OSBAP,2013–2023 overlap,Equity momentum,107,2013-01,2021-11,1.5423468827671958,6.8866079159258335,0.2239632198604475,0.6987891682821609,0.4846837987446785,-2.7837074229330034,5.868401188467393,-20.202624788674086,-7.6527310284238395,4.097318636315596,2.0350659343611053,0.0418442391075566,0.15113468640845784,8.043502586222735,-0.6445548466699972,0.24968021875134983,3.6995865386328695,1.8950119291881533,0.05809082127843998,-0.12687465880503979,7.526047736070779,-0.9767701267050468,0.5485034102986307,0.4192107057967616,0.7777189817977865,0.41844239107556597,0.5809082127843997
OSBAP,2013–2023 overlap,Equity value,107,2013-01,2021-11,-0.17894386466285403,6.110671568829838,-0.029283829550852597,-0.09064037116544818,0.9277783523936824,-4.048411412396044,3.690523683070337,-26.465637407791586,-10.198033094740321,-2.3005880442356905,-0.9325608273696708,0.35104676676300195,-7.135824990033873,2.534648901562492,0.5352372436030357,0.21867033017968518,-1.8207002968104398,-1.4388287562735196,0.1501990467848994,-4.300892999513193,0.6594924058923136,0.9360750017953443,0.7711867283088315,-0.50580298264445,0.9277783523936824,0.8277764347774527,0.6536381100880072
OSBAP,2013–2023 overlap,Equity profitability,107,2013-01,2021-11,-0.5547753893748781,2.2280807787688075,-0.2489924937467643,-0.6408708017956939,0.5216066275771233,-2.2514664542947065,1.141915675544951,-8.86922495050015,-1.8720377541124,-0.5934280124435957,-0.5774741440944234,0.5636192001886478,-2.6075768990806125,1.4207208741934214,0.009751080614042082,0.0005459070762303675,-0.7503326254428476,-1.1792604290179818,0.23829449005593073,-1.9974294580675573,0.496764207181862,-0.12130726305506331,0.4448223573428838,0.16537788612337107,0.7777189817977865,0.8277764347774527,0.6536381100880072
OSBAP,2013–2023 overlap,Bond-only,107,2013-01,2021-11,0.5690509170275629,3.041378086321951,0.18710298452756224,0.4927698938704245,0.6221751854382293,-1.6943580518395671,2.832459885894692,-8.600643010529316,-3.8041069431028904,0.6686421022230418,0.43684860363482214,0.6622211478219622,-2.331341208820546,3.66862541326663,-0.02512434081285002,0.0019450179845170723,0.7670541199696802,0.6420599309963841,0.5208342710557683,-1.574512457479676,3.1086206974190365,0.05707665886757757,0.0957442280408739,-0.10372653265555956,0.7777189817977865,0.8277764347774527,0.6536381100880072
OSBAP,2013–2023 overlap,Equity-derived,107,2013-01,2021-11,0.26954254290982127,1.319750560395792,0.20423749077930733,0.6607998985183003,0.508740647909611,-0.529948173247755,1.0690332590673974,-3.706522147551143,-2.059664001945623,0.4011008598787704,0.9736548384394547,0.33022794802020494,-0.406328687354231,1.2085304071117717,-0.03318884081763977,0.01802501157794123,0.37618453879319425,0.8291421256729605,0.4070239889949936,-0.5130739769723927,1.2654430545587811,-0.054000795988255364,0.04995713952295733,0.026261869758560905,0.7777189817977865,0.8277764347774527,0.6536381100880072
OSBAP,2013–2023 overlap,Combined,107,2013-01,2021-11,0.4192967299686922,1.984519258992531,0.21128377972081464,0.582322027937087,0.5603497906775377,-0.9919869778621654,1.830580437799549,-4.979115482237412,-2.5856727314803547,0.5348714810509059,0.5866769114310941,0.5574207171530133,-1.2520543079707152,2.3217972700725267,-0.029156590815244913,0.006152306203327518,0.5716193293814372,0.7219794165381529,0.4703071326445528,-0.9801892955233295,2.123427954286204,0.001537931439661109,0.03687058855318348,-0.03873233144849934,0.7777189817977865,0.8277764347774527,0.6536381100880072
OSBAP,2013–2023 overlap,Combined minus bond,107,2013-01,2021-11,-0.1497541870588708,1.24801619120103,-0.11999378542898123,-0.3112369153316393,0.7556205212939159,-1.0928242156338155,0.7933158415160739,-3.8640104036862666,-1.172574316036845,-0.1337706211721357,-0.20518613263369245,0.8374267035040341,-1.4115880551868414,1.14404681284257,-0.004032250002394879,0.0002975291739517605,-0.19543479058824262,-0.4487138252714637,0.6536381100880072,-1.0491018005610597,0.6582322193845745,-0.05553872742791645,0.21900774349449625,0.06499420120706023,0.8395783569932398,0.8995053844856412,0.6536381100880072
ICE,Full,Credit spread,231,2002-09,2021-11,10.769898375203843,14.218911503785643,0.7574347988829148,2.561645510660222,0.010417759073699288,2.5294916805402115,19.01030506986748,-48.309343464224774,-19.53012323468768,4.308017606665888,1.5022750459451342,0.13302609048261843,-1.312600622902654,9.928635836234431,1.3167914397943719,0.29328643523471887,5.841760661382528,3.0505540673875724,0.0022841954975488486,2.088393029346045,9.59512829341901,1.9671724690624808,0.6995931406867091,-0.8823413991879453,0.05208879536849644,0.44342030160872814,0.022841954975488486
ICE,Full,Bond momentum,231,2002-09,2021-11,-2.2603204028527504,11.033857369832516,-0.20485314673657593,-0.737395220576788,0.46088204110538855,-8.26826277346655,3.7476219677610465,-81.73551263666052,-21.3742381129261,-0.9382426676898472,-0.3796736270282023,0.7041876993605175,-5.781759566838342,3.9052742314586477,-0.2694108273989606,0.020387597459424533,-1.525441405096542,-0.5396014557871519,0.5894719124399734,-7.066318142776409,4.015435332583326,-0.5184114132826625,0.11928775166591943,0.3378074012928723,0.858267383840672,0.7302220790510087,0.7368398905499668
ICE,Full,Low volatility,231,2002-09,2021-11,-8.403394398875124,10.382356375695347,-0.8093918273261272,-2.832286464260157,0.004621642344744906,-14.218714716799834,-2.588074080950408,-167.28941567108572,-13.63447218521582,-1.739566812197952,-1.0961968558920134,0.2729926352636609,-4.849912306788443,1.370778682392539,-1.3579438303977656,0.5850088535143266,-2.2877176950304983,-1.4558877532422914,0.14542365170539712,-5.36757510318163,0.7921397131206326,-1.5903862426222277,0.6823485181829889,0.3153437046950008,0.046216423447449057,0.5594819931567537,0.36355912926349276
ICE,Full,Equity momentum,231,2002-09,2021-11,0.916325676711784,7.60156277639317,0.12054438063150048,0.6375734532181323,0.5237513810173094,-1.9006020314445853,3.7332533848681524,-19.93166321309695,-10.9621927325495,3.613048774019993,2.6042469423224865,0.009207638852209802,0.8938075676681158,6.33228998037187,-0.5495337994041413,0.17872023861701447,2.99066909768809,2.1177152079036063,0.034199194108802275,0.22272777602598115,5.7586104193502,-0.8134528002064496,0.41281220299472887,0.3580465142137437,0.858267383840672,0.09207638852209801,0.17099597054401136
ICE,Full,Equity value,231,2002-09,2021-11,0.5445466437767265,7.166271176389354,0.0759874459636469,0.28918390816166095,0.7724406454566048,-3.1462238025709666,4.235317090124419,-40.43485499829768,-10.396148851559401,-1.6625477070479142,-0.9627177314582342,0.3356891958940522,-5.047333713718947,1.7222382996231183,0.4497580583867646,0.13469830190606313,-0.9180878838638652,-0.82488528402294,0.40943672183442603,-3.0995454601189576,1.2633696923912268,0.7654449295104617,0.5115561183078277,-0.42827755275396034,0.858267383840672,0.5594819931567537,0.6311983720858138
ICE,Full,Equity profitability,231,2002-09,2021-11,-0.3572699652983261,4.378699937690744,-0.08159270340107946,-0.3432854728286684,0.7313837085514368,-2.397114897315618,1.6825749667189658,-29.297908096370133,-7.41351036845494,0.5525912949062556,0.509134718258156,0.6106577978293978,-1.5747021289672414,2.6798847187797525,-0.18541003180858623,0.06131500627097608,0.18269415219172133,0.21352018614844584,0.830921245862623,-1.4943395032905062,1.8597278076739487,-0.3422642608544406,0.3105178863317809,0.21279676635188718,0.858267383840672,0.7302220790510087,0.9057569820283462
ICE,Full,Bond-only,231,2002-09,2021-11,0.035394524491990306,3.5900862453616873,0.009858962173323622,0.038557623141895446,0.9692430889828105,-1.7638156537132723,1.8346047026972527,-17.70377718420674,-5.206593286988423,0.5434027089260294,0.5287599931926125,0.5969719538122689,-1.47087470087612,2.557680118728179,-0.10352107266745134,0.028434032361563055,0.6762005204184959,0.7690917246642573,0.4418388604600696,-1.047069900413073,2.399470941250065,-0.047208395614136256,0.07621484657812938,-0.07639676440002406,0.9692430889828105,0.7302220790510087,0.6311983720858138
ICE,Full,Equity-derived,231,2002-09,2021-11,0.36786745173006125,2.121761482442162,0.17337832493152966,0.8399617545166556,0.40092983063444754,-0.4905290187209312,1.2262639221810538,-9.794517658212836,-3.11568576065232,0.8343641206261113,1.8731352054182542,0.061049716956255454,-0.03869281178150866,1.7074210530337313,-0.09506192427532101,0.06864529413702392,0.7517584553386489,1.5775163738372215,0.1146767575574271,-0.18227088147240067,1.6857877921496986,-0.13009071051680957,0.12157604053810489,0.0475219092705569,0.858267383840672,0.30524858478127725,0.36355912926349276
ICE,Full,Combined,231,2002-09,2021-11,0.20163098811102576,2.5561365607123383,0.07888114868746905,0.322155298688671,0.7473350471250546,-1.0250964266055842,1.428358402827636,-13.603653582992937,-3.4055140494808733,0.6888834147760704,1.0277364926064159,0.30407379693519254,-0.6248886490501946,2.0026554786023354,-0.09929149847138609,0.05159964524957339,0.7139794878785723,1.1313977050991462,0.25788773698466294,-0.52289750942749,1.9508564851846346,-0.088649553065473,0.054965728952778736,-0.014437427564733561,0.858267383840672,0.5594819931567537,0.5157754739693259
ICE,Full,Combined minus bond,231,2002-09,2021-11,0.16623646361903546,1.4701909405736613,0.11307134266122658,0.4692404590443211,0.6388977689138373,-0.528127081581006,0.8606000088190771,-6.223154705426731,-1.395678685808045,0.14548070585004058,0.34483013169438376,0.7302220790510087,-0.681425522051167,0.9723869337512482,0.004229574196065164,0.0002830326263565386,0.037778967460076425,0.11839210380521864,0.9057569820283462,-0.587657812881062,0.663215747801215,-0.04144115745133661,0.18768727407097707,0.06195933683529048,0.858267383840672,0.7302220790510087,0.9057569820283462
ICE,Development,Credit spread,161,2002-09,2016-01,9.42045146074703,14.852730957067093,0.6342571940458313,1.6166154399773753,0.10596131696678801,-2.0009938666108376,20.841896788104886,-48.309343464224774,-16.59383704779017,3.8808072542200254,1.0409475280589484,0.29789990169732594,-3.426364349765478,11.18797885820553,1.151380778477966,0.20397870690404674,5.776328838875903,2.1690634827602393,0.03007786461210964,0.556746925215416,10.995910752536393,1.9163100493007412,0.6445265808628498,-0.92846529162842,0.597358653816897,0.5465159643220049,0.21403757842500684
ICE,Development,Bond momentum,161,2002-09,2016-01,-2.979718491699344,11.907131292492158,-0.2502465470904949,-0.7069433968698368,0.47960165394182186,-11.240985616606132,5.281548633207443,-81.73551263666052,-21.3742381129261,-0.9553988772028453,-0.2810193949590651,0.7786955239888194,-7.618931120556896,5.7081333661512055,-0.42074230884377206,0.04238162456647776,-1.8205719882906723,-0.48005914327344584,0.6311853389143003,-9.253658404930738,5.612514428349394,-0.769879054295303,0.1851855061100992,0.4237795081827346,0.8138711589136958,0.8681407138929571,0.7889816736428753
ICE,Development,Low volatility,161,2002-09,2016-01,-5.791623280542752,10.09954695455356,-0.5734537704120971,-1.4971863215260328,0.13434478352564413,-13.373566467342297,1.7903199062568032,-108.9408376396917,-10.94144302639754,0.08311272599322427,0.04016152336224755,0.9679643527743191,-3.9730317951543217,4.13925724714077,-1.2210275361345913,0.4961427436501037,-0.5856296826011631,-0.2965519230358371,0.7668086202801505,-4.45623070972574,3.284971344523414,-1.490895548778318,0.6147366063895091,0.3275637272854374,0.597358653816897,0.9679643527743191,0.8520095780890561
ICE,Development,Equity momentum,161,2002-09,2016-01,2.2984809733749643,7.826270636931721,0.2936878981067387,1.1842212888392691,0.23632547705608242,-1.50572585036031,6.102687797110236,-19.87887519016881,-10.9621927325495,4.474387628987215,2.4015776512693985,0.0163245439665274,0.8227048494695502,8.126070408504878,-0.4522487375781991,0.11334556079364233,3.7620095316022404,2.025583189060457,0.04280751568500137,0.12180422097240654,7.402214842232075,-0.7397257375732839,0.3374547490503401,0.3489373812951396,0.597358653816897,0.163245439665274,0.21403757842500684
ICE,Development,Equity value,161,2002-09,2016-01,-0.23356809824116145,7.531750698892064,-0.031011129759714404,-0.0898784576028928,0.9283838001980264,-5.3270408253247705,4.85990462884245,-40.43485499829768,-7.686272611013741,-2.112896639140195,-0.9783331517466326,0.3279095785932029,-6.345889669501375,2.1200963912209847,0.3906068111534488,0.0912950570038874,-1.291960847547047,-0.8113685555214954,0.4171540512090971,-4.412914012369473,1.8289923172753795,0.721891783869633,0.4126424481546648,-0.40211116313302797,0.960959190002856,0.5465159643220049,0.5959343588701388
ICE,Development,Equity profitability,161,2002-09,2016-01,0.07055073469448171,5.057474877026625,0.013949794395411745,0.048949940209054014,0.960959190002856,-2.7543646668488946,2.895466136237858,-27.980532785328098,-7.41351036845494,1.4465610007068679,1.0482101686525205,0.2945417865675841,-1.258296904869646,4.151418906283381,-0.2859952213913526,0.1085449438305558,0.9590382410706227,0.8431120796492501,0.39916576352726096,-1.270457691760059,3.1885341739013047,-0.4827328539547714,0.3598901417397036,0.23879863192554013,0.960959190002856,0.5465159643220049,0.5959343588701388
ICE,Development,Bond-only,161,2002-09,2016-01,0.21636989616831076,3.76674648154672,0.05744211807943704,0.1876240355110185,0.8511713832364446,-2.0439215176414267,2.4766613099780477,-17.70377718420674,-5.206593286988423,1.0028403676701347,0.8273290818172128,0.4080505646100707,-1.372958046566837,3.378638781907107,-0.16346302216679895,0.06392427020924796,1.1233757226613574,1.023186531357171,0.3062196598265471,-1.0285451138020938,3.2752965591248087,-0.11482151792429336,0.0916220137637308,-0.05904068538674941,0.960959190002856,0.5829293780143868,0.5959343588701388
ICE,Development,Equity-derived,161,2002-09,2016-01,0.711821203276095,2.387423747147977,0.29815452917666524,1.1776317123922022,0.23894346152675883,-0.4729036506317916,1.896546057183981,-9.794517658212836,-3.11568576065232,1.2693506635179626,1.9943932695093496,0.04610909347562074,0.021889925191627586,2.5168114018442975,-0.1158790492720342,0.0799669148384432,1.1430289750419387,1.6868915708336645,0.09162420318319166,-0.18505685443139372,2.4711148045152713,-0.16685560255280746,0.1556929284606836,0.0618749500292173,0.597358653816897,0.2305454673781037,0.3054140106106389
ICE,Development,Combined,161,2002-09,2016-01,0.46409554972220296,2.740686193531337,0.16933553021049158,0.5722460022028629,0.5671553261583777,-1.1254782943132369,2.053669393757642,-13.603653582992937,-3.4055140494808733,1.1360955155940486,1.3513993473028927,0.17656754277982245,-0.5116388976335825,2.7838299288216795,-0.1396710357194167,0.08815634915381143,1.1332023488516478,1.3765623997494263,0.16864758257672807,-0.48029269078733194,2.7466973884906274,-0.1408385602385504,0.0881864914667394,0.0014171323212339422,0.8138711589136958,0.5465159643220049,0.4216189564418202
ICE,Development,Combined minus bond,161,2002-09,2016-01,0.24772565355389228,1.5597194590477008,0.1588270583641645,0.5684789262490626,0.569709811239587,-0.6063821392702559,1.1018334463780401,-5.5190270678872295,-1.395678685808045,0.1332551479239138,0.27759060816988496,0.7813266425036615,-0.8076271522835533,1.0741374481313808,0.02379198644738241,0.007898196597299956,0.009826626190290738,0.024991713023935096,0.9800615735945236,-0.7608363257459753,0.7804895781265567,-0.026017042314257093,0.17728764129048424,0.06045781770798334,0.8138711589136958,0.8681407138929571,0.9800615735945236
ICE,Evaluation,Credit spread,70,2016-02,2021-11,13.873626278454525,12.696917585521799,1.0926767213386117,2.808465454889577,0.004977822267933366,4.191361019172562,23.55589153773649,-22.042978825694306,-19.53012323468768,5.239277788931274,1.102139476472452,0.27040103943473115,-4.078040649904239,14.556596227766786,1.6837444365692025,0.6203247467538183,6.0076969932729565,2.665888512425047,0.007678515217294075,1.590750803687672,10.424643182858242,2.076122418917076,0.9036928457971543,-0.720245302751738,0.02488911133966683,0.8334252057971099,0.07095391166542657
ICE,Evaluation,Bond momentum,70,2016-02,2021-11,-0.6057047985055841,8.75918072904341,-0.06915085066086234,-0.1455563920678867,0.8842715953314165,-8.761866051233335,7.550456454222167,-18.40632230982958,-9.9073327631023,-0.9490845337828006,-0.2556397981896923,0.7982289847152808,-8.225751544894903,6.327582477329301,0.06696089688818435,0.002061478977254727,-1.0906654834887344,-0.2576968053719052,0.7966409118029167,-9.386089808027053,7.2047588410495855,-0.005334598943552446,0.022274619973201237,0.13270492643685494,0.9725970313193175,0.8334252057971099,0.8778031796919961
ICE,Evaluation,Low volatility,70,2016-02,2021-11,-14.410467971039578,10.881651562698183,-1.324290516748213,-3.098830391881879,0.0019428620913811688,-23.52504142340754,-5.295894518671619,-84.19099127887354,-13.63447218521582,-5.9024012398754975,-2.350224484742572,0.01876209184449034,-10.82478482717062,-0.9800176525803738,-1.6591188138791486,0.820028046105314,-6.158671006941664,-2.422080030187091,0.01543195156941272,-11.142401941989773,-1.1749400718935548,-1.7899778730619895,0.8629378228605971,0.24020364785757334,0.019428620913811687,0.1876209184449034,0.07095391166542657
ICE,Evaluation,Equity momentum,70,2016-02,2021-11,-2.262631505613533,7.025420926091693,-0.32206347910206373,-0.8332313181581839,0.4047142829508522,-7.584992360706371,3.0597293494793063,-19.93166321309695,-7.69807685749332,1.6566924222936852,0.8371692807831366,0.4024974220843346,-2.2219940300544967,5.535378874641866,-0.764289264758493,0.4174785628457077,1.2693197481190073,0.5952959277079686,0.5516456775374468,-2.9098902725040716,5.448529768742086,-0.9620934157356638,0.6526932309229656,0.3630874233911385,0.8094285659017044,0.8334252057971099,0.8778031796919961
ICE,Evaluation,Equity value,70,2016-02,2021-11,2.3342105504178683,6.2653659955274765,0.37255773279392473,1.1877617152044422,0.2349273016569121,-1.5176164787363309,6.186037579572068,-16.055774078354514,-10.396148851559401,-0.64243412651254,-0.21410541224919863,0.8304648552968734,-6.523513332950448,5.238645079925367,0.5804617361120248,0.3027733612768171,-0.11081750372454298,-0.15375466635767482,0.8778031796919961,-1.5234725628876458,1.3018375554385597,0.851921190344238,0.8597735605742957,-0.49828839943664505,0.5873182541422802,0.8334252057971099,0.8778031796919961
ICE,Evaluation,Equity profitability,70,2016-02,2021-11,-1.3412575752817848,2.1168783568285012,-0.6336016290001903,-1.2753809635401887,0.20217443326315954,-3.402496469937327,0.7199813193737571,-9.666142560426186,-1.70648995261382,-1.5450792382444447,-1.2201520763741196,0.22240723017111763,-4.027028304756189,0.9368698282672991,0.03974632150672102,0.01243556259247558,-1.7200362091226373,-2.302869734233797,0.02128617349962797,-3.1839796184106346,-0.25609279983464023,-0.04959197566623131,0.54090738254663,0.1639885309303885,0.5873182541422802,0.8334252057971099,0.07095391166542657
ICE,Evaluation,Bond-only,70,2016-02,2021-11,-0.380848830363546,3.168720950143923,-0.12019008185187396,-0.22411266382456446,0.8226696387883421,-3.7116008493430814,2.9499031886159894,-8.079673527212103,-3.856057694917523,-0.5374026615756757,-0.2503299569663799,0.8023321914851549,-4.745086110463845,3.6702807873124934,0.03052883985941269,0.0032742811799072458,-0.41387983238581444,-0.257255761696434,0.7969813404428892,-3.5671793586115115,2.7394196938398827,0.09360331563717761,0.12083916193156496,-0.11577890948576985,0.9725970313193175,0.8334252057971099,0.8778031796919961
ICE,Evaluation,Equity-derived,70,2016-02,2021-11,-0.42322617682581637,1.3089759791399862,-0.32332615996810066,-0.6508306135134333,0.5151558360705835,-1.6977871599063685,0.8513348062547355,-3.7118816452196937,-2.13891652533612,-0.17694031415443337,-0.3209325867028115,0.7482614784759103,-1.2575504800016126,0.9036698516927459,-0.04802706904658242,0.047486720131149074,-0.1871779882427241,-0.3145277480719443,0.7531202450862062,-1.353589725218702,0.9792337487332535,-0.05325473368588568,0.05221921752459857,0.009595851628294013,0.8585930601176391,0.8334252057971099,0.8778031796919961
ICE,Evaluation,Combined,70,2016-02,2021-11,-0.40203750359468116,2.0778825501222955,-0.19348422920776676,-0.356066762216182,0.7217905680282068,-2.615087388231635,1.8110123810422725,-4.810430426090051,-2.6146277669655547,-0.35717148786505415,-0.27219025219005205,0.7854757366121583,-2.9291082511504056,2.2147652754202976,-0.00874911459358487,0.0006253880501631004,-0.3005289103142692,-0.2780433723896677,0.7809790645373653,-2.419035311504275,1.8179774908757367,0.02017429097564599,0.0581157657119451,-0.05309152892873792,0.9725970313193175,0.8334252057971099,0.8778031796919961
ICE,Evaluation,Combined minus bond,70,2016-02,2021-11,-0.021188673231135137,1.2488031849817305,-0.016967183849266945,-0.03435128266935755,0.9725970313193175,-1.230162437988718,1.1877850915264474,-3.3813033273172795,-0.801920533325108,0.18023117371062117,0.210310672899769,0.8334252057971099,-1.4994415485633108,1.8599038959845529,-0.03927795445299753,0.03489579442003987,0.11335092207154517,0.20593724993871346,0.8368399277899474,-0.9654621985578955,1.1921640427009859,-0.07342902466153169,0.25679663079815507,0.06268738055703192,0.9725970313193175,0.8334252057971099,0.8778031796919961
ICE,2013–2023 overlap,Credit spread,107,2013-01,2021-11,7.115222392996862,12.044619348093581,0.590738668227241,1.6931480103212957,0.09042729767879565,-1.1214089028267398,15.351853688820455,-34.72976681505511,-19.53012323468768,0.9518252025874624,0.22742913096065792,0.8200900704761143,-7.25107030684552,9.154720712020444,1.554869452279977,0.47498161319288745,1.7102244300847596,0.7049598179998524,0.48083524250453924,-3.0447130817818104,6.465161941951329,2.1883406083905985,0.8301655679637117,-0.7993548352953759,0.45213648839397824,0.8412130649345293,0.6055242209652789
ICE,2013–2023 overlap,Bond momentum,107,2013-01,2021-11,2.4272366225668023,8.980309596804267,0.27028429213961164,0.84660958282642,0.3972127708051577,-3.1920994642612333,8.046572709394834,-18.40632230982958,-9.9073327631023,2.2696472114086843,0.7739724003948667,0.4389471127493142,-3.4779847869564664,8.017279209773836,0.03975582845671971,0.0005585912027582518,2.0741000279790547,0.6294948717130238,0.5290251250492357,-4.383833527184554,8.532033583142663,-0.12357964957392409,0.04303660921080221,0.20610725978544317,0.7807658264959852,0.8181036837889066,0.6055242209652789
ICE,2013–2023 overlap,Low volatility,107,2013-01,2021-11,-7.870591462640992,10.141227204615852,-0.7760985237623546,-2.0757556647382773,0.03791655473820227,-15.302275031584243,-0.43890789369773475,-84.19099127887355,-13.63447218521582,-1.1873055321938755,-0.49603190286181414,0.6198719025480353,-5.8787756365840975,3.5041645721963466,-1.6860242514103696,0.7878103877909932,-1.4088900960341784,-0.5893917672460238,0.5555984979520956,-6.094100751639274,3.2763205595709177,-1.8711080763179957,0.8305806304027709,0.2335507291022372,0.3791655473820227,0.8181036837889066,0.6055242209652789
ICE,2013–2023 overlap,Equity momentum,107,2013-01,2021-11,1.5073514185112193,6.967962403858426,0.21632599763691912,0.6962691968347064,0.4862602599669117,-2.7358476109919665,5.750550448014406,-19.93166321309695,-7.69807685749332,4.172740947665337,2.05699760134548,0.039686456598757844,0.19676535485255753,8.148716540478118,-0.6724104628138318,0.2654192525461354,3.7657567090326878,1.97304412852288,0.048490534917825005,0.024896054674303572,7.506617363391071,-1.012353815625785,0.5710431550277536,0.42896248736115195,0.7807658264959852,0.3968645659875784,0.48490534917825
ICE,2013–2023 overlap,Equity value,107,2013-01,2021-11,-0.22859684279721545,5.882762519393221,-0.038858757606416876,-0.12114632196053274,0.9035751397214968,-3.9270154545360696,3.4698217689416393,-25.312763578824082,-10.396148851559401,-2.2410554710252293,-0.9087940015077814,0.363458873519355,-7.074349612405891,2.5922386703554334,0.507692486519948,0.21228237272060824,-1.7663156577355001,-1.5105294296087264,0.13090838578559058,-4.058213201273158,0.5255818858021584,0.904230309176758,0.7957172792173346,-0.5003770461537304,0.9035751397214968,0.8181036837889066,0.6055242209652789
ICE,2013–2023 overlap,Equity profitability,107,2013-01,2021-11,-0.5602414377737539,2.270123345744353,-0.24678898563992158,-0.6136090567093967,0.5394736973318259,-2.3497737238928624,1.2292908483453555,-9.666142560426188,-1.70648995261382,-0.6839189305317966,-0.6391459726174229,0.5227279752315125,-2.781219330239862,1.413381469176269,0.03120070790233887,0.0053840003535901015,-0.8480389985788094,-1.2480588141103548,0.21200951956191783,-2.179832355127707,0.48375435797008837,-0.10588451776406614,0.47362366504628683,0.17298299524290106,0.7807658264959852,0.8181036837889066,0.6055242209652789
ICE,2013–2023 overlap,Bond-only,107,2013-01,2021-11,0.5572891843075574,3.0387702533948104,0.18339299711288565,0.4893235354446272,0.6246126611967883,-1.6749492471635514,2.7895276157786655,-8.079673527212103,-3.856057694917523,0.6780556272674241,0.44754313994109757,0.6544829470311253,-2.291465991629613,3.6475772461644613,-0.03046632355789104,0.0028649659286137386,0.7918114540098783,0.7053971770716813,0.48056310027862525,-1.408297222781232,2.991920130800989,0.0645509608328931,0.12840877540110196,-0.11989894880256517,0.7807658264959852,0.8181036837889066,0.6055242209652789
ICE,2013–2023 overlap,Equity-derived,107,2013-01,2021-11,0.23950437931341667,1.3619980641568845,0.17584781184081688,0.5597749335405252,0.5756329633078567,-0.5990979862573383,1.0781067448841717,-3.711881645219693,-2.13891652533612,0.4159221820361037,0.9661701965012267,0.3339590235680441,-0.4278292395486835,1.2596736036208909,-0.044505756130514926,0.030433680811422836,0.3838006842394592,0.7995159352954101,0.42399131037877147,-0.5570803012425803,1.3246816697214987,-0.07133600807103106,0.080262698803238,0.033856145483440875,0.7807658264959852,0.8181036837889066,0.6055242209652789
ICE,2013–2023 overlap,Combined,107,2013-01,2021-11,0.39839678181048715,1.9776401215846424,0.20145059632551343,0.5554151733542064,0.5786107164366664,-1.0075023181958715,1.8042958818168455,-4.8104304260900514,-2.6146277669655547,0.5469889046517641,0.6068788185027123,0.543931335954177,-1.2195882445763662,2.3135660538798946,-0.037486039844202984,0.010240465307324809,0.5878060691246686,0.7657743957677093,0.4438105515933647,-0.9166838979619684,2.0922960362113057,-0.0033925236190689868,0.048402793979576364,-0.04302140165956215,0.7807658264959852,0.8181036837889066,0.6055242209652789
ICE,2013–2023 overlap,Combined minus bond,107,2013-01,2021-11,-0.15889240249707043,1.278092813273281,-0.12431992484969567,-0.3345570494114275,0.7379592490964443,-1.0897623675512877,0.7719775625571473,-3.539866088511226,-1.1387038274335484,-0.13106672261566032,-0.20034206666886353,0.8412130649345293,-1.4133275108668746,1.151194065635554,-0.00701971628631195,0.0008597841369820669,-0.2040053848852099,-0.5164728150660564,0.6055242209652789,-0.9782001589584026,0.5701893891879829,-0.06794348445196206,0.292625686063406,0.076877547143003,0.8199547212182714,0.8412130649345293,0.6055242209652789
