factor,DFPS_OSBAP,DFPS_ICE,OSBAP_ICE,Mean_DFPS,Mean_OSBAP,Mean_ICE,SR_DFPS,SR_OSBAP,SR_ICE,p_value_DFPS_OSBAP,p_value_DFPS_ICE,p_value_OSBAP_ICE
VW_1_age,0.999078308597296,0.984635232708398,0.9855750726405935,0.3867125661771988,0.32816308962984425,0.362353720060795,0.5441839244518165,0.4636741724925926,0.5070711239803815,4.662013538395569e-15,0.3933808145069939,0.2162809806599437
VW_2_coupon,0.9921153401261898,0.9833320277152442,0.9904876422999122,0.3484210317744106,0.3402683103023788,0.3247791578882873,0.5926204835046728,0.5674733708325538,0.5526572203185071,0.6359801665524669,0.3348006544242656,0.412326084803249
VW_3_faceval,0.9769805002595982,0.9178174659228219,0.915877158816916,0.05542962244237728,0.05725350317395024,0.02915949287834572,0.15664386829711238,0.15664903284792842,0.08151835411441066,0.9184126515963836,0.42522642170996766,0.4074186438337879
VW_6_duration,0.9991558713086212,0.9853166398083145,0.9846533963243074,0.3349015920441117,0.34470874093949133,0.3058239136068851,0.4121680088491201,0.4201276545641349,0.3634619161696541,0.2132936226973454,0.3785759306404197,0.24721931703193853
VW_12_mom6,0.9971325146434739,0.9865057862886631,0.9862865379014394,0.16306377537562894,0.1433117436851899,0.1883600335710625,0.17413656135935449,0.14959201601186917,0.20485314673657593,0.2485256220899151,0.4700292764391817,0.21837614860053897
VW_13_mom6ind,0.9926042674208516,0.9827230440012925,0.9866638700355832,0.028409212030104127,0.025214609913598852,0.014004625012468302,0.06056941947952036,0.05369145781545911,0.031033094538826682,0.8151241464919051,0.49102692461017083,0.5451970563041424
VW_14_mom6xrtg,0.9965666417864728,0.9836445473902147,0.9870463721297706,0.11945413807955509,0.07932624528803155,0.11466631367916134,0.1280536729324319,0.08443375374248517,0.12851334971774347,0.024683142268423903,0.901721670087876,0.3174453896701272
VW_18_spread,0.9979965232242067,0.9943839717898977,0.9949871342150823,0.8291823654240292,0.8542989115330968,0.8974915312669869,0.6888131934777167,0.7041581234833465,0.7574347988829148,0.15416011776032193,0.02003925016014276,0.1258165194344309
VW_22_rating,0.9922240637658459,0.9848433347047139,0.9924586298232397,0.43329262012008146,0.4510855499400284,0.4091722997707043,0.4118636878074763,0.4220809570146779,0.3988539374184601,0.5586340470639826,0.5631128260643833,0.17620387110998878
VW_24_skew,0.9961883746766054,0.9811494965074956,0.9741919133503437,0.14452321652807068,0.10798385191470297,0.19004387532959963,0.31546777807125487,0.23626791208456954,0.3982334528359811,8.169852023436184e-05,0.03237664185322353,0.0009992981172446676
VW_25_mom6mspread,0.996919786266257,0.9821368172069216,0.9847856538917926,0.5008731250572929,0.4754592842482527,0.6906295567538783,0.6695924006475185,0.6480031365534501,0.9538274573415825,0.06386152702858923,1.3031051179749028e-08,2.482842231790661e-12
VW_27_volatility,0.9986522860972006,0.9859986145173106,0.9860303599817011,0.6951248216629833,0.6946460513739002,0.7002828665729269,0.7846858029707061,0.7785923082274137,0.8093918273261272,0.9640741208360932,0.8785633541892774,0.8685914374890493
VW_28_VaR,0.9982280447243315,0.989458067351795,0.9914465777289573,0.6571760921735175,0.660863119032778,0.6843439642743391,0.6521568895484787,0.6519264591201233,0.7050083400894565,0.7893011538803499,0.42236214087647683,0.4518009523693546
VW_29_vixbeta,0.9958665942536833,0.9768138483692151,0.9752167810302627,0.009052858237214415,0.012892887341851017,0.044826464777031345,0.02234055365362966,0.03155000388878741,0.11467819529956917,0.650672075682662,0.07218037064522566,0.1239315057169315
VW__mom3mspread,0.9980615221393272,0.9847844263470918,0.9814463153033367,0.2539267745182454,0.23601013844530266,0.45702621480431316,0.4238851795790068,0.40312581076947174,0.7561904650588072,0.04665516851789786,2.775181297190097e-15,6.435520098748431e-15
VW__ratingxspread,0.9967318307989667,0.9908695092477537,0.993788897823631,0.7085612952489762,0.7157065895000236,0.7260410226990822,0.5809098491530877,0.5873122054861837,0.6110934644254353,0.7507483980769838,0.6439687045077964,0.7419468317769173
VW__ave12mspread,0.9973792280039555,0.9922354668924979,0.9940253338004464,0.5826917193928589,0.5962976501204362,0.5754326224043159,0.5300998111842347,0.5392592364160672,0.5321124130748409,0.4568021362742645,0.8164100647426912,0.4537749539654728
VW__spreadvol,0.997731901040083,0.9898393689095025,0.991397778352751,0.48194025276758157,0.4775488623665385,0.48745345861667955,0.5430401273919635,0.5365424663984306,0.5612921219945709,0.7480645537708668,0.8486283448886837,0.7114290149487589
VW__value,0.9983672618578388,0.9856846839705045,0.985453086820278,0.40444191263341545,0.3976632124428629,0.4515336836527999,0.6423741414586557,0.6339973789399133,0.7563435939203499,0.40942956513217305,0.05867830538572338,0.03064627645619782
VW__impliedspread,0.9964730726654344,0.9895268053001113,0.9930519473071507,0.594339604504386,0.6041768802247756,0.6097506584369415,0.6137784082383475,0.6053378073060574,0.6374984040541387,0.6233431153829773,0.6290578550858985,0.841897190782601
VW_strevb,0.9965196930237369,-0.9810262833071631,-0.981935840092667,0.18648014694131493,0.22695607497783946,0.10637189110791725,0.2389029687927092,0.2931240921061106,0.13396584326003397,0.006920618278911225,0.822736921182888,0.7350071651501102
VW_tmt,0.9996083290728626,0.9844902901602879,0.9842185744852169,0.42474223629703756,0.4360878663482659,0.40930831576563376,0.5296264748984464,0.5426263202472398,0.5030435542028576,0.028152337737933596,0.6356907582288075,0.4154181241380904
VW_sizeb,0.9904771730913884,0.9764440240464983,0.9780360274287512,0.28271224791672794,0.33358232841666563,0.3144113753313052,0.37830252425685096,0.4021999248744595,0.48706043001158456,0.10255902707460245,0.44530483350060324,0.7256807968806259
VW_dspread,0.9959081971809823,-0.9815149407113408,-0.9849621969248383,0.039352160000645085,0.07474251127328697,0.15715817392672055,0.05478445813088932,0.10696697331782477,0.22687940602608359,0.021371691664838016,0.7131974507052674,0.794437382224884
VW_dts,0.9982357469406032,0.98716677359604,0.9897646424943817,0.9457184527243154,0.9694090335068742,1.0119004159852996,0.7908308512566403,0.8019868281197504,0.87269049863854,0.1534386092589324,0.13205505719616942,0.29167668949530207
VW_kurt,0.9969269130531488,0.9743932702898129,0.9701652187478051,0.28840205772394706,0.29856649103402066,0.31526256009221326,0.6062599952369314,0.627015199038298,0.6896340606335607,0.23327123591706939,0.2725568966850306,0.5267237687762184
VW_swap_spread,0.9985105591856173,0.992861023379033,0.993138329318454,0.8153638606471694,0.8199008282158478,0.8468937361384574,0.7001965316031759,0.7026176804972106,0.7480499682675824,0.754836011645919,0.3274275093552342,0.39532442787704564
VW_yield,0.9970097032364865,0.9918883694112938,0.9937266212485965,0.9100889178473583,0.9434751232890002,0.9874995573424747,0.7340840700260322,0.7574828626694284,0.8157119451350175,0.12950211702915543,0.03344422562414343,0.17481952253004773
VW_yld_to_worst,0.997035348469422,0.9917372596340064,0.9937275593067321,0.9145711607326334,0.9429879897150732,0.988455802033145,0.7389288361406186,0.7580726882907255,0.8166638537835816,0.19416570692680862,0.0435209888137934,0.15986378487225303
VW_convexity,0.9971789023741282,0.9797221233802783,0.9804306857267971,0.2311751839590434,0.24513699379057605,0.218785338850616,0.2943115513693083,0.3080229035706918,0.2750210420828253,0.3106445721462141,0.7335655144058324,0.4634038452024516
VW_ltrev48_12,0.991894300638143,0.9788923900957636,0.97681056010554,0.12674746670299414,0.12632439509761126,0.13995891788075468,0.32360815828918854,0.3059845953008608,0.3559812591684698,0.9733030807638658,0.472991631511784,0.5020128757071584
VW_ltrev30_6,0.9960211484329976,0.9876593460791603,0.9847560748902472,0.26129113121147995,0.24412411674254875,0.25984994832143277,0.4309900470017379,0.38505326986740357,0.42213763134366455,0.22473101795202657,0.9477707798833113,0.5334524120723162
VW_bond_price,0.9976769734232872,0.984766945097055,0.9879514216985066,0.7216693078851094,0.7476021408661436,0.8416697745344844,0.6293286507571997,0.6439427044108983,0.7711293136246468,0.15593493721344662,0.010085785528355044,0.02918923863663781
VW_emp_value,0.9945799198188312,0.964818834555035,0.9593334565776221,0.212246740480085,0.18373133538223105,0.3482019896532294,0.5035411207820913,0.463765366264162,0.9260771187238761,0.012191243938595274,4.67542033974343e-07,6.578820880691596e-10
VW_struc_value,0.9975546091739487,0.9871418496931511,0.9886065630325477,0.5872967666999084,0.5660466685728486,0.640920049905464,0.8288695536816446,0.8000949792401817,0.9513026371959821,0.06102561732085039,0.0439474167252338,0.0030081464760748034
VW_bond_mom_ipr,0.9933918076598504,0.975912391285503,0.9656473131955343,0.1718278583095782,0.1502132186536075,0.20920265635512825,0.3270172901424951,0.28009250696436155,0.4191820695827693,0.12740639689857988,0.1568491825970875,0.06698501453819518
VW_stock_mom_ipr,0.9921191073433568,0.9770430513818411,0.9820836966704826,0.10510098085104308,0.13757119736061757,0.1411257220612427,0.2066799732400582,0.26947857956907884,0.29755401996200165,0.02698161620391382,0.15455720848793758,0.8761330845061442
VW_mkt_lev_ipr,0.9864069132520984,0.9663721516535808,0.9748399888324599,0.09712616554512678,0.11870877371751476,0.14413860394569403,0.2212760618943401,0.2665416315890988,0.344679056113985,0.19699577205655963,0.0693174990481618,0.26833126744442565
VW_gross_prof_ipr,0.9943529864350742,0.9685687583122079,0.9693084710975531,0.09901599134121888,0.08797625450505779,0.09954334044747119,0.3293262771725563,0.2922474322749748,0.3574128361058435,0.1311799692293248,0.9756944974602177,0.5003837783778747
VW_26_spr_to_d2d,0.9952817356193362,0.9880223481098611,0.9877650972295994,0.5585373284703506,0.560637886076891,0.6383325508545986,0.8960681209907286,0.9160135194428709,1.0338612948712618,0.8801409702073533,0.0003375023684352626,0.00048520632203011163
VW_niq_su,0.9905485178739412,0.967368991731007,0.9574836140531192,0.04696186683634691,0.04517907134703797,0.041792945982877076,0.15553279623789765,0.14583185895508372,0.14378796194491536,0.8550786272955937,0.7672028114862712,0.8684138580461138
VW_ret_6_1,0.9944810984365298,0.9842863034128467,0.9866062486972335,0.05243489773619731,0.05630601750716076,0.07636047305931533,0.07946245849471385,0.08519268984645903,0.12054438063150048,0.8068541646003919,0.37306376956583454,0.4220829844931178
VW_ret_12_1,0.9885370596461832,0.9874988932733679,0.9780080170193495,0.02164477105511643,0.03432746636182421,-0.01184017168468962,0.027589640698106578,0.04398237073843088,-0.01603505259781194,0.6392414574185031,0.25552283525818986,0.2199470360401923
VW_saleq_su,0.9927859373149828,0.9827256755326809,0.9813289981729975,0.07785669561523591,0.07263052469374931,0.08756103830477584,0.253369506984433,0.2385055681019625,0.3023452586961439,0.5343706832992158,0.46516328887294905,0.27040583301141363
VW_tax_gr1a,0.9836105974870752,0.9678166367061207,0.9672820726827114,0.07135651628579985,0.09785500637052526,0.08260711244328608,0.25133094706926173,0.3497687893610397,0.33585472612510286,0.024072220150914352,0.5223424089748896,0.37421099601350705
VW_ni_inc8q,0.9575904644897503,0.973042328628926,0.9244074309310358,0.13382675886645493,0.10892958630676576,0.1262097533184049,1.1533920202389536,0.8631093166006019,1.02658576426861,0.30947543779098174,0.6203117556481992,0.6319774651652882
VW_prc_highprc_252d,0.9938655470853613,0.9867011162828243,0.9870440767702806,0.033137412005172576,0.03795577131153001,0.06945575897153695,0.0354057097277611,0.042217823589099125,0.07857727232919744,0.3564605134474717,0.38030779881880955,0.10025582464799944
VW_resff3_6_1,0.9606422461886684,0.9128639003440717,0.9211328956664079,0.10726421718982523,0.1205331976541608,0.1089356770611782,0.4096266525203624,0.45484243748820924,0.43968332674303257,0.43209215667869133,0.9455506692909026,0.6224924292902483
VW_resff3_12_1,0.9610402856333667,0.948131996715669,0.9521849674980908,0.05893054983645318,0.040085973452372144,0.04199075262923834,0.2192756219805302,0.15794801468620154,0.17775190775262129,0.26773378566019773,0.39614313092298636,0.9144722476925824
VW_be_me,0.987321826403464,0.986457141492964,0.974968636928554,0.07689976194108783,0.0458219658159348,0.04537888698139387,0.1225065179597957,0.06945825171163036,0.0759874459636469,0.20529319397579482,0.19032058123812182,0.9899212161911268
VW_debt_me,0.996530930130833,0.991064132679724,0.9897961236438697,0.10887875296392399,0.10888779656121401,0.10155304855424911,0.19635747838580933,0.1951791099138966,0.18570360222925325,0.9993191994676347,0.6644901521853342,0.6866500138945671
VW_at_me,0.9912578087218324,0.9747203287825691,0.9730185867508114,0.029799898175003055,0.05371879516752945,0.008062010237993281,0.05477798573366082,0.10070370493248088,0.01535888011246233,0.14639680113769357,0.43390072142424363,0.10537602828109288
VW_ret_60_12,0.9923173205331917,0.9875484781767945,0.988262153536528,0.20912450028992077,0.20706291250045766,0.19596198322854616,0.41581985815063344,0.4058473785610304,0.3913021276637033,0.8863394673840009,0.4667797698156801,0.5330548858111251
VW_ni_me,0.9889281888601094,0.9601717991286667,0.9575843046775617,0.282557604798461,0.2888201277259671,0.2731962980469499,0.668402738813232,0.6952001557627692,0.6442403408782286,0.6620685009816373,0.7313933436465981,0.5764723533356102
VW_fcf_me,0.9949516117166103,0.9606677175983551,0.9511778670692943,0.18261644299524385,0.16985053015715915,0.18969931052473601,0.4248739657885758,0.4143915627345077,0.4551506408043981,0.2311125390863167,0.7949275172765988,0.5014184158436761
VW_div12m_me,0.984065369480991,0.9612427210904291,0.9779461169717003,0.09947134274580678,0.09601345598400067,0.10775260910921537,0.23816005737202536,0.23750937375219133,0.2608219085548151,0.8389636075484752,0.753860352628954,0.5511470953795327
VW_eqpo_me,0.9859790750610306,0.9687691488670418,0.9725536183428269,0.10035838485047309,0.13117210974658827,0.10725860255081943,0.23789359881329514,0.3191809035181292,0.25702465479475683,0.056643131068991034,0.7732735328848617,0.28169325454487243
VW_eqnpo_me,0.9910596960351737,0.9646577928073988,0.9708218617520982,0.12968237056324275,0.14556943017570706,0.14898259033050976,0.34536361412077016,0.40848603818191054,0.42869807247018116,0.18578698917062622,0.3981379319757706,0.8610701879202685
VW_sale_gr3,0.985847004145151,0.9642154671794871,0.9760588289461678,0.0416840565039041,0.07115792069378173,0.07261476092925845,0.12469119919791168,0.21216297297914039,0.24149748500667448,0.022633107826040968,0.13826508949525051,0.9344879347198058
VW_sale_gr1,0.9967642342558728,0.9657768274492632,0.9660573818677595,0.09275646092073433,0.09526587125438575,0.09978672244945289,0.24267332069673037,0.24478581369819527,0.2902300955551837,0.7294607594347837,0.7633472241574562,0.851106271208402
VW_ebitda_mev,0.9909425775450751,0.9790721481082693,0.975770072138683,0.11994483430288881,0.14672155473336312,0.14361916866843652,0.27852547611754847,0.3434636653500186,0.32491069213946777,0.04335666646221552,0.24956343783429732,0.88829960077422
VW_sale_me,0.9951943826863875,0.9851849734399852,0.9906402325948748,0.10442754595377025,0.0872443493628335,0.0902438286667378,0.15228159865510554,0.12569341494455372,0.14092644305464624,0.2697800058848039,0.6127105563632281,0.9011836590178681
VW_ocf_me,0.9957700234710344,0.9703311398061374,0.9688602060711545,0.05569129103384794,0.05227746458113598,0.08051194680660553,0.09407446704798016,0.09003038003376901,0.13923187964875267,0.7860060490034843,0.44769457519590566,0.39260046525380904
VW_ival_me,0.9908870474649953,0.9633067455414408,0.9656685654066097,0.027862524443234525,0.005268948832596889,0.0055927044815682,0.06934604999025538,0.013565384390651433,0.01628325954627547,0.07272099081290886,0.4017641105740888,0.9892931646385208
VW_bev_mev,0.9953423669490528,0.987026511968819,0.9864332986425555,0.044805881500097504,0.020577449158663264,0.01891786503546964,0.07102345997072698,0.032500710849921684,0.030675939610845443,0.08293230664410146,0.26412508966094744,0.9443685256035331
VW_netdebt_me,0.9968532113340387,0.9910260841274497,0.9897811070201825,0.06918555794907036,0.08139578412955221,0.0625134909713844,0.11166891934039667,0.13416029965835494,0.10300460734332727,0.2880482480716717,0.7250206935329406,0.34057898962630917
VW_eq_dur,0.985812617057455,0.9721355557327428,0.9711717711969785,0.2119573106789395,0.22895827005048022,0.22087913943213788,0.6250162259866491,0.6582456395945507,0.6745459445106118,0.2036114260919936,0.6230418756538695,0.6718099280058979
VW_capex_abn,-0.9216926642965697,0.8545264993231155,-0.924525781328017,0.013529954924691206,0.01598340866372028,-0.010181305800839247,0.058200137310916965,0.07219766429406896,-0.04467200658311225,0.9807173163256402,0.40327256089235863,0.7947379904686916
VW_at_gr1,0.9854501508314725,0.9604987644589302,0.9715398852745812,0.18990132091846088,0.165014332024405,0.1954579383185893,0.5041064435976521,0.4484731093264206,0.6281223234301098,0.08989010646078745,0.8343228443792698,0.1772485298075601
VW_ppeinv_gr1a,0.9827778872502954,0.9613271460631096,0.9630630289225623,0.130799699548583,0.12619266691462022,0.12403393030658752,0.4026516585881028,0.36798597343610445,0.45415529691533063,0.7543801139435795,0.7614479959402674,0.9305759994096892
VW_noa_at,-0.9726932728392871,-0.9447371452326984,0.9730543178731144,0.010673964536687782,0.032887945360298355,-0.0044804820741456185,0.03285934082567881,0.09658530462954704,-0.013826259381630365,0.8828702042921794,0.9173296428163601,0.03869530008618753
VW_noa_gr1a,0.9933890288161152,0.9719006302113616,0.976366985825881,0.10797878722991511,0.09953954832145238,0.1453785244957408,0.3308142007881955,0.3089188839812657,0.49432702454338684,0.32480823957659066,0.041995476035980785,0.00605635978001189
VW_lnoa_gr1a,0.9938447784516525,0.9689896320247661,0.9682217328363126,0.020986405519075525,0.01016200018376992,0.050322762148274504,0.07104709811012887,0.03445692441564532,0.20129930696258092,0.14839940634247342,0.11560197013662676,0.03244135136991081
VW_capx_gr1,0.9739934281246699,0.8934070391542658,0.8910505682565527,0.10043657659619638,0.10651830886460284,0.10136443216174852,0.37411016971339117,0.3908705554763509,0.4255736984743378,0.6664148501370222,0.9731056674997274,0.8552108819945916
VW_capx_gr2,0.9873548695603995,0.9232731908566834,0.9244135651931092,0.04220727001190433,0.0393761478489487,0.04949660995562751,0.15647611423002614,0.1404510534969788,0.21341143178816427,0.7827836922239194,0.7610001533161987,0.687742983928498
VW_capx_gr3,0.961859105370528,0.8580850877688243,0.8887960828243685,0.05807158135551158,0.07426059993069846,0.042119544007153106,0.20672323957979583,0.2768935128059707,0.1671012778849285,0.3564414857448799,0.6290016342724237,0.25536907388107943
VW_chcsho_12m,0.99486899713491,0.9858042085409265,0.9845563977427546,0.07969681940555406,0.07811040592240458,0.06918553497465169,0.19266137355452262,0.1838224663577391,0.17164031721765288,0.8742718183742675,0.5083178006907755,0.6066135185603373
VW_eqnpo_12m,0.9908251575069057,0.9824233891973821,0.9820677353620362,0.041999505753708304,0.048600190337020996,0.05524277876423034,0.11015040361491754,0.12506483345273858,0.15014726176201773,0.582832877698433,0.41716641047036335,0.6961427799463309
VW_debt_gr3,0.9682336540034893,0.9353277841147782,0.9639810091905634,0.04688900242102745,0.028257613635922423,0.056863422005381636,0.1970014811373394,0.1160422557686074,0.2578869530057287,0.18104557910488403,0.6038768748867834,0.05966584311620454
VW_inv_gr1,0.9873852084772764,0.8772111933253393,0.8634676056515926,0.14563041388459189,0.15392273524219352,0.1450838729392658,0.5868142408979218,0.6117794376110611,0.6220628990973345,0.362062893118481,0.9840951042654787,0.7620229102539091
VW_inv_gr1a,0.9930597416766311,0.9219402556938517,0.9214138258402778,0.1626011860745327,0.16204043305217522,0.13697485364385714,0.7086747900454301,0.6860944883608087,0.6855759569360186,0.9306524908885662,0.21102244455659572,0.24067648738794079
VW_oaccruals_at,0.9857423236375156,0.9832700978700426,0.9834122596099126,0.08724026071653304,0.086093836084452,0.07889723499377391,0.19897181310541656,0.1975504909160578,0.1891655740230194,0.9457670252445302,0.6521224425790999,0.6930038992894694
VW_taccruals_at,0.989851387331947,0.9737442859583718,0.9769357507922563,0.016874152468585552,0.045145844943283296,0.02455984142928693,0.055392853956326926,0.14367748275869907,0.08615080124942394,0.006436420847489921,0.6319262580763553,0.20191830193210145
VW_cowc_gr1a,0.9521211902850124,0.9382658620201653,0.9718640931915661,0.12083145216645996,0.14006918063103943,0.14637418980131753,0.4153941077716016,0.4789291264481113,0.548566000136425,0.35075907001278417,0.26741614560783883,0.697387583866587
VW_coa_gr1a,0.9898488220675395,0.9470115830159349,0.9603671168618064,0.15240826259009613,0.1684786179309709,0.16772699462804722,0.592759702015226,0.6408155291943999,0.7200979968705012,0.06132051562562054,0.42035923530214353,0.9653598868506366
VW_col_gr1a,0.9806054992980516,0.9571443136358354,0.9680006484389976,0.17881095964934896,0.1797662816087965,0.17040523282294573,0.6229208218085979,0.6140441965558039,0.6156978733832195,0.9418300894004685,0.6578267083888762,0.5782127647704782
VW_nncoa_gr1a,0.9935266168469411,0.961392229767259,0.9595531983776889,0.06588949431432053,0.04257189636345556,0.07921387180199024,0.23360144278749265,0.1507209308643363,0.3301961169757934,0.0016466968006454302,0.4854951559409721,0.06101638181756094
VW_ncoa_gr1a,0.9905065743723336,0.9441870106168305,0.9543183967741802,0.11334235781744462,0.1089482638430508,0.12692054798931565,0.4169313031458684,0.39513720368862293,0.5171784509097203,0.6116805033086065,0.5098767141715945,0.35038336620386507
VW_ncol_gr1a,0.992247301149601,0.9763850559204856,0.9780498508329858,0.01416979956530268,0.00274159070050925,0.022345510986002678,0.04988917524770244,0.009349127804684538,0.08149768444790668,0.17786463381409595,0.5599043616907365,0.1693805842621024
VW_nfna_gr1a,0.9851035895386051,0.8035197442712618,0.7850520303677309,0.17236183685821663,0.1500830735443344,0.13306611773639793,0.6540431930736926,0.5444606049028128,0.5730232846508789,0.0431776453415763,0.2769469588060857,0.6636828368676507
VW_sti_gr1a,0.984652936603998,0.962438263616152,0.9665111993869718,0.03171970865343917,0.03421642158443983,0.03765126361585136,0.13148842114209586,0.14702795297499777,0.1701500985973987,0.7962488490503488,0.6954467752256981,0.8013638124166614
VW_lti_gr1a,0.9620271849379511,0.914942126892279,0.9296848284320375,0.04951576627487794,0.04300109619041703,0.05981984443573969,0.2580827378582862,0.22009746284338325,0.33285607509737314,0.5934738008877992,0.5604593769618204,0.30644143110541167
VW_fnl_gr1a,0.9876248024396527,0.9728974037135938,0.9607326426264184,0.1462053119878616,0.1293874890759735,0.1513608955106729,0.5572468018816099,0.492747316904091,0.5889028926564743,0.07527306054025616,0.7097293237889225,0.18802036319327814
VW_be_gr1a,0.9932556809257777,0.9819604108784983,0.9796557157050793,0.12381418452925269,0.1127465382005625,0.12005295145484868,0.43485419613853304,0.399033803655916,0.4779840642492405,0.14268761619774356,0.7865874356031235,0.6069490710246811
VW_oaccruals_ni,0.9962113423967622,0.9855265707067583,0.9831512085130575,0.00360909959764113,0.012704048655850614,0.013173112896387663,0.008557219955880326,0.03100032629736929,0.030739965391883953,0.29620769752626847,0.5640935241136278,0.9792851841803344
VW_taccruals_ni,0.9898411432619539,0.9667259933914688,0.9621517034045202,0.11434274053910846,0.10338056966055822,0.09339502139397908,0.3578432309394212,0.3276146621565241,0.31076734783869103,0.2909187158313145,0.26450870530881093,0.6111370227431449
VW_netis_at,0.9831713566914502,0.9515978817817078,0.9601251788479989,0.02283818920933278,0.020648281054526534,0.01363055236230227,0.08052258764288281,0.07037066659330951,0.05084824577870419,0.8584780836131497,0.6435615359393815,0.7115397437969673
VW_eqnetis_at,0.9829823420646447,0.9596552188740561,0.9737839997715525,0.17463173494781584,0.2012306599503156,0.17830620143725853,0.4027254152131665,0.4610442079517896,0.4551595294429664,0.14754595908401882,0.896951372740799,0.337801092105767
VW_dbnetis_at,0.9901117547339062,0.9613260001052335,0.9709560550135621,0.05897892679316457,0.06703132659614852,0.06199612315011574,0.16314814555797075,0.1820395024024285,0.17839035041462328,0.4954529307855582,0.8943415651486065,0.8034609162292135
VW_niq_be,0.9974983345325912,0.986177892331531,0.9874951425495262,0.16185870604207545,0.16684587548849783,0.1692804944468691,0.2700927940486491,0.2749136011862725,0.3031944219539694,0.6140952321320736,0.7556844184288156,0.9183520499327532
VW_niq_be_chg1,0.9876130615097574,0.9581795763415042,0.9700394496210959,0.025010164052842926,0.031200048633033002,0.014182917010595474,0.0663401601928393,0.08451043953250427,0.04100880631963299,0.6470576989200829,0.6633064869222345,0.4103753920960938
VW_niq_at,0.991692210206881,0.9820788633592349,0.9903696550643091,0.1403831543993202,0.11306036867270322,0.11071837763288056,0.19798817288473022,0.16395031785722416,0.16918710934839812,0.19487909567476752,0.3537146312082066,0.9179616868622951
VW_niq_at_chg1,0.9807362304189616,0.9613968115005674,0.9717086826072281,0.03837171096549184,0.05782299303068816,0.06261148869708864,0.10978720114759602,0.16838395720263258,0.21290839444027823,0.21257818713917648,0.31181914717256987,0.8161491509187171
VW_ebit_bev,0.9978849092425162,0.9873904898697552,0.9888020233493363,0.2107092508703541,0.23655322258331063,0.21784343364702197,0.32794978324794594,0.36554149331781915,0.34729454721532754,0.007726849512304074,0.7591289579342149,0.4001923986501083
VW_ebit_sale,0.9932159093046289,0.9835150881775824,0.9899184045716586,0.21167016124237487,0.1993351607458375,0.19307588789754643,0.3433440171360607,0.3227371383842043,0.35174277203007276,0.4523122641831245,0.515963218771032,0.7986189784710708
VW_sale_bev,-0.9896540064955711,-0.9702876204310528,0.9752597851016293,0.0027145991068247195,0.013990541820319507,-0.006106807163945337,0.006498821890012052,0.03322360896462652,-0.016453684284329844,0.9528973505790242,0.9606192744210388,0.38419332898022135
VW_at_turnover,0.9896386782563007,0.9838849553379709,0.9872459009434751,0.04084430927571551,0.021540775545132305,0.028753141190887295,0.10009909606346232,0.05269339277427393,0.07092150816997202,0.15110725303507963,0.46854293989250834,0.6274082885282978
VW_gp_at,0.9851211116806781,0.9766400706206447,0.9770072850390267,0.03609338806900729,0.039976759632630886,0.02977249710819384,0.09578564758796683,0.10113484350592201,0.08159270340107946,0.805430291005441,0.7324745683945403,0.60701774420673
VW_gp_atl1,0.9819388153228101,0.9653700190545663,0.9706147715164261,0.029231658590036107,0.05015056006913186,0.0533442670596566,0.07492955747939971,0.12572074281335863,0.14831940787998113,0.22529673869164166,0.3062803844542104,0.8885301954693171
VW_ope_be,0.9885170775223855,0.963031220100042,0.9814667840447439,0.12812398456365362,0.1488419523601399,0.15226953388732686,0.2506278472514118,0.30100387486390323,0.35359246674321054,0.24512040252448575,0.48335132072385517,0.8907915870550585
VW_ope_bel1,0.9972756936164493,0.9852684986786285,0.9839559871537294,0.13691749998590957,0.13201889803320332,0.1426876136463903,0.2625791785104552,0.24770074246190837,0.3100971108266318,0.596962349472148,0.8079808726706914,0.6837951256518596
VW_op_at,0.993373046648128,0.9805223074176423,0.9758007873412679,0.0562133462574492,0.05385705819902606,0.047542723126992384,0.13518560747403768,0.12530295393695984,0.11401560419346389,0.8384221109119498,0.6439217337521805,0.7685073572089788
VW_op_atl1,0.9945491020077865,0.9793832635899092,0.9720832260304039,0.06935565049444746,0.05779416789178045,0.05789772836395789,0.16172070350947462,0.13162342425201226,0.13540987687775013,0.2759382967851584,0.5637782809785763,0.9964850546795985
VW_cop_at,0.9930673898338481,0.9750867318471873,0.9810113253234021,0.023175441075881965,0.01840189780714695,0.02106849184186602,0.06960991879782498,0.058120310346374396,0.06115589220873118,0.6148390294804112,0.9038961370387941,0.8676775833585518
VW_cop_atl1,0.9953792728023376,0.9747077562101469,0.9775413133938387,0.04490313444022433,0.04369507188324607,0.02868163511692541,0.12324264555346516,0.12081492869371963,0.08520089488184729,0.879759924916632,0.3949045951423892,0.39970797426360055
VW_f_score,0.9413557755540968,0.9144204840273299,0.9738467941116162,0.07640993296598851,0.052023717504634664,0.05205948047862737,0.19851450720090985,0.1522308149992834,0.17942244871025065,0.4166793293873746,0.5244978293369219,0.9985883407518136
VW_o_score,0.996794601674206,0.9893766208840933,0.9905724446985755,0.16699981894059393,0.18553684701843556,0.17017316010845113,0.2817935717867061,0.30791826962548036,0.2883558819576534,0.09738525292615345,0.8718824095134616,0.41652129395213117
VW_z_score,0.9950675976681157,0.9853502194395085,0.9861449671753689,0.1664274787827097,0.16009879988505613,0.1540230748436073,0.3956793624290417,0.3782913907676497,0.36885708941262174,0.5090551281594301,0.449230762936046,0.7045185130057644
VW_pi_nix,0.897313286180115,0.8479303080612701,0.9263482040579014,0.04861159951145597,0.019849500263714397,0.011816728363135437,0.17970637521419572,0.08366565227136655,0.0554064870996279,0.292173771715812,0.2644029189976919,0.6944292927286221
VW_at_be,-0.992619720592561,0.97977858802329,-0.9813518371033012,0.007450690297622437,-0.0067113815902116155,0.001908774311442738,0.019049493145172087,-0.016875715411261816,0.005361583297718796,0.937167569336099,0.769421277467463,0.9598356422886748
VW_saleq_gr1,0.9955487001352704,0.9813984697748013,0.9826113757731021,0.08478802029411898,0.08013739420177024,0.07615017583020918,0.170180784075663,0.16336768881354466,0.17062560493452453,0.6664232701360782,0.7177835755814445,0.8582341533610437
VW_rd_me,0.947894751122782,0.9213188776248007,0.9731225806360602,0.03645956399820093,0.028085121524746844,0.020961241543754224,0.16212801127959034,0.13167369900185058,0.11314533776416776,0.6085457249904099,0.4514175553982257,0.5628801035184562
VW_rd_sale,0.9685616761741037,0.9338795305052326,0.9542815924556443,0.06397452147047865,0.05209489225729887,0.03928251348763243,0.25329371238102005,0.2113525489496295,0.15275936292331652,0.40786898566540586,0.24420154404570674,0.46536537451027327
VW_opex_at,0.9916891981564738,0.9789156231531333,0.9864683629026112,0.0678727795122406,0.05347059836154729,0.06354454186947045,0.17012066873502238,0.1351700710051887,0.16510517071595718,0.2195650041334311,0.8163907324353058,0.49770218582771464
VW_emp_gr1,0.968685288341914,0.8870929215751061,0.9515845134361093,0.1442782798242287,0.12753978713257166,0.12751463689026626,0.4444441444745974,0.4354774857053768,0.5351550299352246,0.3797120599981619,0.6417366390743152,0.9991087773757199
VW_rd5_at,0.9571331579270106,0.913847313102,0.9349099270669735,0.05665782995861696,0.05100125689671892,0.025405121210206272,0.24190771987764334,0.22425620183084274,0.10688207358702062,0.715135584077874,0.1631132166483115,0.18522914706454413
VW_age,0.9950389956464254,0.9832919714220693,0.9785157477648277,0.031129775199383168,0.031388197257410676,0.05132972416390575,0.10557358356598869,0.10711526192053286,0.16903838537987667,0.9569606105872966,0.5006722370666116,0.5307997864111205
VW_dsale_dinv,0.9897202963945645,0.9596037304694611,0.9515284737399855,0.04288550937974561,0.035852668886303736,0.047522728258316424,0.17356181381723537,0.14632157364635864,0.2213344765832667,0.38351911890294316,0.7808348403217171,0.5099395665143087
VW_dsale_drec,0.9868713723467574,0.9621218425439514,0.9561876063602313,0.04705970481663419,0.06327316024233406,0.042452575596688025,0.1837015095226608,0.24796330297735378,0.1739699506843533,0.08740905716160945,0.7726446895170395,0.22263871623097867
VW_dgp_dsale,-0.9934486549412879,-0.9715081934742289,0.9678821561979032,0.013997058072389757,0.0006331992754057915,-0.016189515857998927,0.04524368812566888,0.002014693646643087,-0.05086914511564773,0.9250563565402293,0.8318736577264805,0.3587037682214329
VW_dsale_dsga,0.9941355988591425,0.9729372637337822,0.9754159452629058,0.06155811775043693,0.06041555225682314,0.06319321872847362,0.18476778609088781,0.18148734428816704,0.20526384763745714,0.88958147735047,0.9274367625361877,0.8715168640509036
VW_sale_emp_gr1,0.9925585863744897,0.9706290498225324,0.9729862110746376,0.024314329056771396,0.016704887641667467,0.018770436698036234,0.0637620864091385,0.04443486033961606,0.05413503457536908,0.4735300976664921,0.7974750301385056,0.9188535617295641
VW_tangibility,0.9475297845992166,0.9693245294449714,0.9621024297976909,0.019620981342487066,0.03356816164028796,0.021532719584282083,0.06762549023071535,0.11574508129483849,0.07599227577773184,0.5155694699992572,0.9065126431740953,0.5056258010601905
VW_kz_index,0.9945857618406148,0.9890506591855385,0.9896673214237642,0.17860184138511606,0.19815659224267373,0.1724412453792493,0.27408754114700723,0.30362513508570754,0.2794367808937735,0.20745233941814506,0.78715000368192,0.2503540962575878
VW_ocfq_saleq_std,0.9967599450294847,0.983613163280966,0.987076938609175,0.03934687735603074,0.028314956866889517,0.035485551971545945,0.11025205037781968,0.07964366599546777,0.09112571033577946,0.09312546651967128,0.8213031804008896,0.6476767551586545
VW_cash_at,0.994395310824246,0.9824815525728652,0.9770918996401211,0.042572193141201316,0.03930472662838126,0.036188783992327216,0.0996958145581662,0.08925161489365974,0.09334968730416222,0.7645926889744779,0.7441836521331459,0.8944808156653314
VW_ni_ar1,0.9843442041229762,0.9022361531188475,0.8772809352825452,0.034658901896663055,0.051918394495365124,0.024014849697926572,0.10970219987545496,0.1672816965389777,0.08211669951906282,0.17522919111217558,0.7324642439542094,0.4162598649880288
VW_ni_ivol,0.9944535022434328,0.9882880302284437,0.9913681429581326,0.12696335670451667,0.11432590299515442,0.11579793229867634,0.21881743018185687,0.195511031545267,0.2035500872309083,0.368354114680826,0.5811096541098024,0.9335929671726977
VW_earnings_variability,0.9894614694171678,0.9770146070231596,0.9823556188040686,0.12793326894519846,0.11139124185951216,0.10794946146360831,0.3355184913060566,0.2920125200534432,0.3093274584076965,0.1912300841684571,0.30126134077442707,0.842362628124256
VW_aliq_at,0.99008289215537,0.9733320212820078,0.9744899806851798,0.10059153184560263,0.10615444914537249,0.11273408458903383,0.3663977835012987,0.38367147394947115,0.44089533761686567,0.5307225750903579,0.40622492201967353,0.6505275785972233
VW_aliq_mat,0.9959760495504042,0.9711479251568796,0.9754941792034617,0.048977055840764123,0.055894764970191746,0.03890102870132055,0.11137369008145344,0.1260575691493113,0.09645104461219196,0.4462791741306367,0.6813507311036451,0.4648434928067468
VW_seas_1_1an,0.9756358940240695,0.9618162517434645,0.9683423928441665,0.10407996197914227,0.11716058687471659,0.11528614629776213,0.30767789405973184,0.3427058535083991,0.3452149864697498,0.44586181026957306,0.5974720152334497,0.9233557262704276
VW_seas_1_1na,0.9942090954182407,0.9894994486396603,0.9906763975707409,0.3337351214900152,0.36091460368786,0.3547737485661847,0.4712954437505344,0.5361000747400547,0.5436762316246487,0.14769706902599056,0.4152847703855615,0.7719203877159363
VW_seas_2_5an,0.9780197595462365,0.9614722919179944,0.9625790969240492,0.11619612699935294,0.1276022334474447,0.1390442016789657,0.30526049625618007,0.3264223941053402,0.38371492778313004,0.5399311966554442,0.3393556608032527,0.6389145014499488
VW_seas_2_5na,0.9934830114511213,0.9857679275921271,0.9857441724659468,0.1269836054025776,0.11088258938220658,0.09276835313999056,0.26471387844370503,0.23145821041099565,0.20051421710285475,0.1981095299989657,0.06607009707360613,0.32854363239362444
VW_seas_6_10an,0.9933155546355249,0.9782925128608329,0.9799415149747618,0.13695918437488683,0.14433290310100805,0.12442009628036116,0.3468236922853031,0.3564120078181486,0.3426208504426171,0.49486512738793415,0.5183889842191233,0.3188456847155464
VW_seas_6_10na,0.9717048280153661,0.9388040014604035,0.9357299822631227,0.05655015792327822,0.062115259825573234,0.06476106803977444,0.20141948914293342,0.2101879230234056,0.2548435460773057,0.727904570266657,0.7111659419473859,0.913393012978276
VW_seas_11_15an,0.986871498409849,0.950960105294685,0.9600572366845433,0.02976545502357867,0.02157634447403812,0.014249618590385454,0.10588548402284939,0.07589378999100402,0.05753003758959941,0.43475419896796913,0.4458354076811985,0.700466940381533
VW_seas_11_15na,0.9776454385131329,0.9275801588907685,0.9320085679833489,0.08428380092300639,0.08009768544093875,0.0924392621127222,0.34841446182243846,0.3282049412173866,0.3940204671247708,0.7212826169185713,0.6943957338752819,0.542338442068248
VW_seas_16_20an,0.9918322311458856,0.9659472562060092,0.9648719557601617,0.012260510109914852,0.02113333847198908,-0.0009262489623672646,0.04480485767793542,0.07778193920942218,-0.003526832700604979,0.2658759983610701,0.41481514609520853,0.1764685898738382
VW_seas_16_20na,0.9631655864860813,0.927501549827943,0.97802100008024,0.04605302173200296,0.07621557190550285,0.08023157820005174,0.16586642763700107,0.24211418117257125,0.2834160604200578,0.13584787343145316,0.1620043759825179,0.8019280236506823
VW_market_equity,0.9958178245783001,0.9881337658084085,0.992533449706835,0.12697833427803637,0.10811714982857357,0.11027973478845024,0.14177327673109066,0.11901040151692839,0.1295054877071741,0.32263027242295733,0.6053194237329064,0.9378854609545285
VW_ivol_ff3_21d,0.9858002066474506,0.9791893418876798,0.9867908323193532,0.38039226415476307,0.3972765362799932,0.34546449714782307,0.5073243309891129,0.5105186564817383,0.468083244433311,0.5746766797862177,0.3151201312680996,0.08064703204816916
VW_ivol_capm_252d,0.996869374505093,0.9887897375873793,0.9899265469587845,0.37298763002091473,0.3651641753236937,0.33138931372467473,0.4222246059239882,0.41181176706537576,0.3873251328283559,0.6249005567606216,0.1716738457747673,0.24631589491410677
VW_ivol_capm_21d,0.9977967327690217,0.9843615421274716,0.9863944633801777,0.38822283622445525,0.3814920780605129,0.30610685460457593,0.4570597106324219,0.4532845405758451,0.3849803765662299,0.6027392231973533,0.02109114730202757,0.02136278079808375
VW_ivol_hxz4_21d,0.9927037512903563,0.9800707162146755,0.9826238360222636,0.40791451402974654,0.41391249779399797,0.3207612814727064,0.4913000008536735,0.5020037945367397,0.4139188662820461,0.7928935240179903,0.024958146359163172,0.00985847068441114
VW_rvol_21d,0.9985703394676081,0.9818634256452483,0.9842715587561774,0.2966259586492484,0.28497379077857476,0.19966723057692065,0.33820643870686273,0.3266270026595699,0.24048260798642399,0.2778457155807722,0.012573926547690415,0.017753874622465866
VW_beta_60m,0.9603977860950994,0.9575296136644214,0.9817830713284578,0.15926372759604948,0.19968205647368284,0.18419956893053396,0.23326500647050424,0.3007431001094664,0.2953730670068355,0.35267737391099924,0.583304451469642,0.5997840349547043
VW_betabab_1260d,0.9981660899218607,0.9895520475434784,0.9905077661726738,0.20392300075761302,0.19871898090360837,0.17079011758854037,0.28345752153679304,0.2762379749612821,0.2427773537197471,0.6007397510128714,0.1637762337165393,0.2184466479851443
VW_beta_dimson_21d,0.9850110676988447,0.987043787508129,0.9745523960521277,0.09669603673874032,0.08390652980600029,0.0809223068001598,0.15853610034951762,0.1386412383678444,0.14624838478317417,0.5946227315831693,0.5272996192859551,0.9258246941678145
VW_turnover_126d,0.9960373117657262,0.9877801081214446,0.9907734567723548,0.14122735156739363,0.12447471840526364,0.12273172643994346,0.23623225132744294,0.20686490543867217,0.20948953543590346,0.17110601889145174,0.38529081307017443,0.9259570477066534
VW_turnover_var_126d,0.9879872394155345,0.9714430892811109,0.9618149212538893,0.2565057288055154,0.2502053323664231,0.22861897078180643,0.6154948849775798,0.5788523685312844,0.6148555487369144,0.6829229092955118,0.24175245149317717,0.4537093910936207
VW_dolvol_126d,0.9916413058772106,0.9875209585833669,0.9854325167992324,0.13960525617475378,0.18372096712340186,0.14434376708112123,0.19919582895532725,0.24987992968139303,0.21735485127706064,0.05173404275007957,0.8552925279310418,0.21475932758188454
VW_dolvol_var_126d,0.989638797116654,0.9662677010130492,0.9663771478184263,0.2795405708735199,0.27438683238252937,0.24405189744507325,0.6135785103535124,0.5826823616725088,0.5878768591852193,0.7413043344070676,0.19568067765132888,0.2976255573076517
VW_prc,0.994658456805205,0.9832725343518433,0.9865878717690414,0.27545683607351784,0.27896732408324326,0.24465622965177727,0.3570129951853454,0.3535403306858467,0.3291726153926802,0.8521116644433118,0.34013550032858536,0.2607697381200087
VW_ami_126d,0.9952182346883776,0.9891021150705082,0.9905435656449726,0.18268307593919889,0.17279440474669852,0.153009171160157,0.22405464782342777,0.2065973175318637,0.1994554061434173,0.603633783631291,0.3037939624129866,0.5053419654361279
VW_zero_trades_21d,0.9954003390800695,0.9892468043382531,0.9857222978612239,0.19730526425708558,0.17987867344493508,0.1801963665950733,0.32998944875171604,0.3016116601987104,0.314149632486824,0.1833668116634635,0.4012294830904691,0.9890475164079859
VW_rmax1_21d,0.9958314179049933,0.9868129106005195,0.9850979415790854,0.35463579539465656,0.37323896121700456,0.3241075426194466,0.5136181625264507,0.5256201862097747,0.48746409727433326,0.22355587814414143,0.2369870330490247,0.09084543672912122
VW_rskew_21d,0.9810608791546476,0.9025551490246163,0.9044565728382912,0.17019206998791098,0.18583938424980678,0.1579826113802064,0.7841135356667728,0.8433939711506548,0.7387945549527444,0.1091733250978237,0.5740375395873393,0.20007253123350904
VW_iskew_capm_21d,0.9345120707741569,0.9102660207804282,0.9184576193776527,0.22561477553715023,0.23722928169542618,0.2127079900484448,1.004541835944785,1.0958041759036208,0.9861628747000225,0.5258688500686021,0.546055424670369,0.21890256221817603
VW_iskew_ff3_21d,0.9930541086191818,0.9604798735632403,0.9676864940816869,0.24865187550074055,0.25523864658804135,0.22859528275181953,0.9030472804097129,0.934974348422776,0.9547312696909127,0.37335009403910036,0.27622980433187205,0.11138153079014612
VW_iskew_hxz4_21d,0.9738556343950882,0.9320187885483929,0.957805378255252,0.2064327100301661,0.22576389956714404,0.20861328499445211,0.8567583279395439,0.9381712486696243,1.006498685940731,0.12485179210898886,0.9145061850117675,0.3034508236265614
VW_coskew_21d,0.9861265506437209,0.9315870487650152,0.9446612435437975,0.06280436468386649,0.05273821915522698,0.050569963550379876,0.2483501875014069,0.21297730971768858,0.20913845323895913,0.2942773718303468,0.5607464118533687,0.9073076409385646
VW_ret_1_0,0.9914046092900907,0.9829999051947772,0.9834799013076959,0.6626986725656392,0.693020545017485,0.6929826229223374,1.0708874878313264,1.1237265533257526,1.1380105563747667,0.10197728831466847,0.2434542329441821,0.9988124050805254
VW_betadown_252d,0.9920357360370732,0.9787247587863283,0.9778800558956229,0.2772293428353169,0.24659412320518367,0.24702451340280787,0.4935840873535856,0.44528018237740036,0.4620045449344577,0.05898262398736382,0.2553485409876972,0.9870304878648092
VW_bidaskhl_21d,0.9733851732384928,0.9556961245640959,0.9878109982421591,0.4193756192021148,0.3814203026248643,0.3398016239249172,0.4980663279857033,0.4643805830674901,0.4196169184888539,0.3890631899993819,0.16038068709381167,0.1546084712264019
VW_ret_3_1,0.9926327877841126,0.9751452425042924,0.9707307587255424,0.26835059209607703,0.3009668794895063,0.3105403091097048,0.5563554487195251,0.6044723518124938,0.6827990830548085,0.0208163698907664,0.08786785786601778,0.7329115923924194
VW_ret_9_1,0.9864583548531342,0.9850993509779872,0.9886689428806515,0.03150177381586643,0.02091417263137142,0.05145361981207538,0.04280041610438249,0.028490649371109962,0.07336452591907075,0.701357914519795,0.49736317539105096,0.23637992711215267
VW_ret_12_7,0.9771178197906639,0.9855066090287798,0.9701531104642542,0.14537858034859172,0.1823633505521582,0.13038774195454111,0.24414194928680236,0.3156735085494402,0.23041212326303137,0.2016558726691114,0.5243959411269792,0.10518452187665492
VW_corr_1260d,0.9787251392198383,0.9620662747129883,0.9617876683971589,0.09724995617055346,0.08988087366419702,0.09064096320914747,0.3218435033718859,0.2916423162298666,0.3331239591636347,0.6096358498771176,0.7318232392765499,0.9697397120186386
VW_rmax5_21d,0.9979954539219755,0.9868351723578704,0.9877794460895629,0.44867190348191627,0.4576997159197189,0.4170473579240318,0.584226359769192,0.5977283082813198,0.5682621910013187,0.41597796826812505,0.2738342206791562,0.14328577117908725
VW_rmax5_rvol_21d,0.9914314547782269,0.9736272702543459,0.9770871903892354,0.302475350012079,0.3130829689036002,0.2864242894715217,0.758989232180774,0.7897791421694302,0.7302821548100245,0.3724016487428757,0.4398818210605451,0.16771137928575663
VW_ni_be,0.9890239019848195,0.9833845545477169,0.9886187275091465,0.20198735924929892,0.22704896034695357,0.21682505662041582,0.33330477266431935,0.37617950929619043,0.3837636508023291,0.22120953817355438,0.5694774281374099,0.6413664971069508
VW_ocf_at,0.9917073402475599,0.9826472150178185,0.9874489013836163,0.05269762175678528,0.041912956042898,0.043435678255120916,0.13529701028042804,0.1093505692666924,0.111777841927175,0.34635824020381273,0.5755860599861153,0.9134128759312156
VW_ocf_at_chg1,0.9838347530595712,0.9488967709184236,0.9490827010844242,0.040435362034002637,0.06766296950499869,0.03283524573929498,0.17475150885905694,0.28848424565600517,0.16001682109283577,0.004858992238120874,0.6545343474858009,0.04528353886239124
VW_mispricing_perf,0.9972382778734442,0.986814901453674,0.9859813949962969,0.15071777754373747,0.14935274929971917,0.1327463051560827,0.230682014170895,0.23062969124245394,0.2136840525306065,0.9022032239207257,0.46744065573351873,0.5061810822166629
VW_mispricing_mgmt,0.9931847243153628,0.984237908716425,0.9798863376097701,0.01680216377496904,0.025482609236081477,-0.0021739686654074176,0.04811613330816924,0.07361386565390582,-0.006083982952969681,0.35043715268064657,0.1893215995900004,0.09065936715752995
VW_qmj,0.9971501713366687,0.9911409322130118,0.9897639501448982,0.18357491822509847,0.21075697519272507,0.18746609657435653,0.2862493822223118,0.33582920624024654,0.3063560048310209,0.01749077035286552,0.8470518699419092,0.25757531244927234
VW_qmj_prof,0.9975848585818637,0.9783063523792538,0.9771876684492089,0.16651339294401066,0.17868952698497556,0.16547408564437052,0.30512780922994975,0.32608490505181015,0.33653546415687235,0.16192569316042799,0.9698877662386758,0.641436167699707
VW_qmj_growth,0.9931949153155064,0.9680719091569782,0.9625802023142681,0.05900441782711994,0.07077712229958909,0.05656083072758478,0.1907260697350278,0.22594694921919797,0.20072742170352495,0.15865065555593152,0.8929045919919898,0.47492519874586625
VW_qmj_safety,0.9972464366358773,0.9896482775545741,0.9912206993321535,0.2542961520083121,0.27121839108938683,0.24677444009360755,0.3500525306780794,0.37239188437010423,0.3415425462738025,0.17058045886225953,0.7520211552903354,0.26656901000636246
VW_AOP,0.9845498072618253,0.903396757227462,0.933966527852391,0.011026460512214072,0.01543108572189395,0.013857159861721067,0.03566407401370183,0.0525815565644572,0.05030547638818079,0.7267320010048298,0.9254767960161113,0.9475620169348845
VW_AbnormalAccruals,0.98964205201587,0.9633602436624914,0.9623166946555779,0.03730456450406371,0.05164286670460801,0.030183439524836844,0.11376581168361553,0.15769750657502898,0.09801947611208028,0.1836038337862743,0.7238077047005761,0.29306567205769385
VW_Accruals,0.9952874174276746,0.9831312992679309,0.9823971106712085,0.04881804672069218,0.05619653791724222,0.04050941567670812,0.12735042435412094,0.14947315356265695,0.10987397094591235,0.38996798264829696,0.6060495246173538,0.3281381036794784
VW_AdExp,0.9934400952121087,0.9813838934396919,0.9898033018277731,0.1170843175896236,0.12518268532455426,0.11757654381787647,0.22242830125495544,0.24150438472393682,0.24578711470143297,0.556731644755736,0.9840754748573229,0.6828628348933559
VW_AnalystRevision,0.9821722865619092,0.9070302476300457,0.9130672328981587,0.05113433499951308,0.027612542763190796,0.027966585029843036,0.1856969559118769,0.10684015375606472,0.1125036594458065,0.053342780560454404,0.38159908870335096,0.9883369876145595
VW_AnalystValue,0.9886247803106633,0.9579085305603625,0.975210953431309,0.03866095298893828,0.05693273152257638,0.057573337149456,0.09047057877772592,0.13659349357277428,0.14097545588361624,0.21532076470731115,0.499479626848086,0.9757202716012209
VW_AnnouncementReturn,0.9909181605791078,0.9138374706208237,0.910318425977508,0.2955779235887867,0.29907332620005345,0.30337653247759133,0.9513803053255306,0.9436221986142923,1.074079868961469,0.7201322951239567,0.7864880834265479,0.885810194041728
VW_AssetGrowth,0.9676111843437272,0.9517323240844563,0.9443004705072786,0.10475809953488203,0.12448360440045855,0.12350469544476031,0.44739182517960213,0.504197783977148,0.5782435315885285,0.1675302632613745,0.2575295584983944,0.9590564616370434
VW_BM,0.9949040114644744,0.9569123888295729,0.95219829676285,0.08677755060301057,0.06942316784816996,0.05846172177321208,0.23408289524747197,0.185683985794632,0.1590159755661163,0.04467663665266385,0.2530287767047,0.6756695103904458
VW_BMdec,0.9737340766610999,0.9526055924479316,0.9527965828070858,0.10995154252988874,0.11379000006173384,0.10534607641188731,0.3564756291368021,0.350552779701922,0.357910755722219,0.8208891416676947,0.8296871152438031,0.710480480073102
VW_BPEBM,0.9809393360745936,0.9414457089689544,0.9554233582938145,0.005503324327774348,0.024526681393480455,0.024839999649823034,0.017221202553472,0.07560058463870024,0.08663470637008601,0.1869182069509238,0.4357767321011813,0.988884112693641
VW_BetaLiquidityPS,0.97778651931787,0.9590570663535777,0.9626359703453318,0.05186393077535203,0.025781705659766653,0.02365645744521278,0.1272876818250515,0.06227242891532214,0.06274009822229708,0.18878396768676012,0.28800263338861837,0.9349705497729981
VW_BetaTailRisk,0.991781530921393,0.9708933113004924,0.9734026593759914,0.10936085893121798,0.11478839905850832,0.1068720555022695,0.2267334834395837,0.23669492708660073,0.22199055898845502,0.7015566932968403,0.9252569877152061,0.7556973606929472
VW_BookLeverage,0.9881034265612714,0.9760201425709535,0.9826169855962692,0.02428236284084954,0.02607899436249093,0.02007001060708408,0.06425764803103132,0.06863460644050813,0.058618376866763994,0.8929057000113402,0.8308192037139123,0.7325077771905671
VW_BrandInvest,0.9899466178101791,0.9401091594384647,0.9273673624857012,0.010261037875711218,0.017579330079497902,0.004687003945226232,0.024112400929501215,0.04285442329445283,0.011363102707963382,0.6003192424855132,0.8667468602276617,0.7186102889349575
VW_CBOperProf,0.9935283218870136,0.9685274488026975,0.9694664457154003,0.0467741486757337,0.04886505919620529,0.063473258823308,0.1631854203131589,0.16886131274603544,0.2337339579603646,0.7804931624421705,0.30725317880937925,0.3711659485137397
VW_CF,0.9878973237623658,0.9858376504148906,0.9829794025650762,0.02847298647199294,0.06609410007660711,0.07640425210384416,0.05037390673382388,0.11635957006188856,0.14346935159340535,0.06255057463472234,0.032842477982976584,0.6742843878441165
VW_CPVolSpread,0.9830176743558505,0.9448693622223248,0.9320764120741781,0.1581784936505251,0.14777109417616296,0.11953253439909088,0.481320493707397,0.4434132013582983,0.4385980684053114,0.45610420959811276,0.1386946852609268,0.32875677443876694
VW_Cash,0.9921155938735507,0.9693210656159402,0.9708582478453435,0.026268617371667677,0.025977812311565818,0.023970766999075736,0.06699177166603258,0.062127084188260795,0.06528914767898958,0.9821981723986286,0.9175195162285072,0.934761723691223
VW_CashProd,0.9918703047058925,0.9828420733067531,0.9811175751187493,0.06521995005188654,0.06528557188354307,0.06670313899880671,0.17821563165112075,0.17276516844551712,0.20441445720244572,0.9953068746574107,0.9312059534605551,0.9420984382468581
VW_ChAssetTurnover,-0.9050511789476561,-0.8523908643867325,0.9541063582400501,0.017342282881589698,0.012890728518557078,0.016748160308069266,0.07430494565205041,0.05259914271511993,0.0787696559565163,0.9666750132591876,0.9951603040536648,0.8248680818476367
VW_ChEQ,0.9912839094502665,0.9459359094590998,0.9381665499657745,0.11438205143649444,0.10742888912422277,0.11414416697338409,0.49772483479239105,0.4619537541320063,0.5667103252692778,0.32055301844215583,0.9890880348756141,0.7204527061107975
VW_ChInv,0.970164517711067,0.914126973125068,0.9355556236042119,0.10240984159837849,0.08760375412230981,0.07917243881975504,0.484323791757896,0.411100751779907,0.4575309442601839,0.21177778020369326,0.24829728543075008,0.6431109004709414
VW_ChInvIA,0.9919434733170656,0.9458975869380017,0.9609782715410939,0.04707699231505339,0.04164829495016622,0.04849337207238861,0.12462657009754678,0.12537828865480286,0.16389600737614834,0.7101789434684697,0.9638852119718734,0.751700477143437
VW_ChNNCOA,0.9949674912170522,-0.9772464615131471,-0.9735326798478083,0.005497220485141066,-0.002270575134404266,-0.0031491504441797363,0.017989714615988712,-0.006886367164161705,-0.01239267547827322,0.3946510317241477,0.94571300704113,0.9947031990054823
VW_ChNWC,-0.9927462499181715,-0.9703838563355731,0.9634469700874719,0.00397286391556543,0.012165882981252712,0.0010611117757879792,0.01091090963899076,0.034191523803514506,0.003774355323562754,0.9601487884891551,0.98410492414574,0.6682222425942832
VW_ChTax,0.9496048525422959,0.9476522517583058,0.9621971878215466,0.13006756747783715,0.11459433435327089,0.10925876897890463,0.4501969579374924,0.38634338257466355,0.4233443296601944,0.4673621597496738,0.33026948779365656,0.783935284733616
VW_ChangeInRecommendation,0.9869233620637705,-0.9172044785746721,-0.9092903575965934,0.015489027431818883,0.007152953335393231,0.008221360668532754,0.08751629886776133,0.040414995732441804,0.04851198861856074,0.2025957306396048,0.9251889626941258,0.9889635483404791
VW_CompEquIss,0.9784118734082594,0.9664890369590449,0.9706325020598959,0.06507625688929265,0.06467850022068751,0.046297674215302474,0.19117468033061844,0.19092592110669604,0.15639595189355704,0.9802951532737044,0.37860600391685023,0.3595441506563658
VW_CompositeDebtIssuance,0.9915967485979322,0.9381573486063789,0.9315610244311961,0.016863366602513443,0.005461109804652303,0.013146515712330449,0.0743589498082243,0.02362986534121222,0.060416241184994654,0.09668531720144692,0.8359523758887338,0.6886913964238297
VW_CoskewACX,0.9930435441630179,0.9516608802228816,0.9467027238964495,0.2234669043976422,0.23332916308831578,0.2081685515490467,0.7101328828263,0.7220732389217739,0.6711513602616195,0.26286137309696933,0.4907467288481681,0.2903908616291851
VW_Coskewness,0.9651561571389674,0.9559049242008103,0.9587535619867831,0.08206270555959283,0.09508801089120178,0.08366487595250262,0.2598592965378392,0.29665222698902893,0.295854803820423,0.4976009911579782,0.9408830333749637,0.59580117655315
VW_DelBreadth,0.9929966058306673,0.9725768442865166,0.9732998150796651,0.05809408293968491,0.055304296783577615,0.09154152072811565,0.15516688267947407,0.15774608829687095,0.26477428064310055,0.8031385009343659,0.10053800200993797,0.049740055616726446
VW_DelCOA,0.9892880096302558,0.9595420534281157,0.9582920696691533,0.014336352584610556,0.01627735758399488,0.011082845667225567,0.053883110437163796,0.05796020672761048,0.046088265658292896,0.8419125412377844,0.8518882737100731,0.7893785060837357
VW_DelCOL,0.9838632834438743,0.9010837365104618,0.9120063189209121,0.025359297198846206,0.03261701090810577,0.01775097585982633,0.11231586008170041,0.14177997633965708,0.08735472239427965,0.4399970585743148,0.7334633579168133,0.49118840362506466
VW_DelEqu,0.9875259497159147,0.9489715146970032,0.9450719826477814,0.07117043023496535,0.07178843038751759,0.08282224291500155,0.28931197741568554,0.2865864526214414,0.37128063946474094,0.9452848421763627,0.5143071929693539,0.5603345301685613
VW_DelFINL,0.9825547809000427,0.9383690130223955,0.9379115337887244,0.06084906321404323,0.06019105049301007,0.05157635188787624,0.28742401878943663,0.28278394265685985,0.2774464976377428,0.9420445977035685,0.5844072622827099,0.6152459907472164
VW_DelLTI,0.9722153006557158,0.893223359337974,0.8693086618412683,0.006997289135872811,0.002636746284411739,0.023908459101449675,0.03950234244085938,0.014377427851891432,0.14343970412712054,0.6563910412380626,0.35519876717685084,0.30582086741458026
VW_DelNetFin,0.9915848598759991,0.9716753168286207,0.961175362299569,0.01427381185374954,0.012536161537326174,0.0050388781958311,0.052838093676857024,0.044659685612310665,0.019641192904445947,0.8380252248276218,0.5280482968490957,0.6759080415636061
VW_EBM,0.9508145888959264,0.889725793797539,0.9174229033650467,0.07994531451686279,0.07373699766390907,0.06297052410782791,0.3655749664594511,0.3407006700999418,0.3380309468211249,0.6902759995081004,0.45794165241745355,0.587634615764537
VW_EP,0.9818413726580176,0.9482317391940672,0.94675910956199,0.05284068266738667,0.04396572149511074,0.041962624662984324,0.2181425338841091,0.17991960027145307,0.17880096501226778,0.40237038963841976,0.5364530827714998,0.9112280263698915
VW_EarnSupBig,0.9954869178087691,0.9716385984375906,0.9748463172776592,0.16224532679671944,0.16711886261157757,0.126610783237063,0.27265536413484004,0.27860742355671503,0.24306774542758622,0.707719456295485,0.30453025934968236,0.23154040428387937
VW_EarningsConsistency,0.9721440828731672,0.9241840997247535,0.9174136546229736,0.08221309316867026,0.06679496192660553,0.0693792838146879,0.41076064388797484,0.3272606050938038,0.3304606928079426,0.15896654735320206,0.4845353806146655,0.8931626570958476
VW_EarningsForecastDisparity,0.9660222195162887,0.9540321411604288,0.9857312944848001,0.0482900928214568,0.028249051210942566,0.03019847083487419,0.12507592738279708,0.07952258686795206,0.08508148544432445,0.3865315419963402,0.49628463403338385,0.8867420945022806
VW_EarningsStreak,0.9911983953105118,0.9819183913977197,0.9799417384544797,0.04549023589569487,0.05132655497013288,0.03963097256900629,0.10963409775055227,0.12159162556639262,0.1017859763158044,0.647859554536812,0.7500515453920016,0.5584266061306635
VW_EarningsSurprise,0.9921239731997237,0.9357983727743096,0.9425080629446576,0.06931353661872186,0.06692714200922834,0.07653551288278898,0.22123092496860408,0.20895505364803507,0.276386776610464,0.795579115714608,0.776810332513121,0.7016625395110301
VW_EntMult,0.9933273587235076,0.9687982684374319,0.9704156201873347,0.025939738275950922,0.017892495344257475,-0.0006041430190914738,0.06276822338447045,0.04180973831559711,-0.0014532051187433107,0.4873458482863127,0.26200247520559244,0.433017132528652
VW_EquityDuration,0.9773015545148279,0.9164598852475316,0.9317785944195817,0.07218172429934784,0.06022323246725449,0.06777659548197634,0.26130339612241105,0.2167066078922537,0.24043241624356435,0.37524228043742003,0.8657595441133137,0.7490258231239191
VW_ExclExp,0.9887317589427146,0.9317474745597487,0.9407773226764163,0.023892566388461087,0.025884231200430517,0.05367166143104,0.08933509126167583,0.09587332167315236,0.23122496302379159,0.8290281143371028,0.18646220944514685,0.19645175586555005
VW_FEPS,0.9933661752570507,0.9839963880007945,0.9884539978728042,0.2975495379400136,0.2917818942819442,0.30210892591187877,0.4569410604600459,0.44165217161062637,0.47727328486566695,0.7399345103481438,0.8635750097542433,0.6575917329094164
VW_FR,0.9900743627484001,0.9491174827777115,0.9521666891026249,0.04791145438375969,0.04400105740874368,0.03272911618080283,0.11882735968786712,0.10355154363215598,0.07978668955371487,0.7830303070700282,0.6086566717398253,0.7039100645347266
VW_FirmAge,0.9923785388832693,0.9769481278070249,0.9747368176433628,0.11238278669659768,0.1251501014270072,0.10094834527946124,0.35692954204621347,0.3900438925568597,0.3129449965753419,0.15958096391561397,0.4670330155279033,0.1434880575792368
VW_ForecastDispersion,0.9956433527848872,0.9892673266400209,0.9910361491134049,0.13089450034414746,0.13756937399038976,0.12925143026228425,0.20963473648833097,0.22617646149856685,0.21809638628552377,0.624503176868595,0.9393309024491328,0.6562600011186152
VW_Frontier,0.9968580353991859,0.9829670286687534,0.9857915869295241,0.03287500414606669,0.027982319704684996,0.02455209104655679,0.08903883394798282,0.07595910992641199,0.06717186113685716,0.4637179198605884,0.591263247172677,0.808190232814747
VW_GP,0.9825908183733342,0.9606384777882124,0.9670756852499874,0.022315778464442687,0.04191700433483088,0.05854146563296516,0.07892959958444269,0.1463394745513993,0.2197277139086594,0.10754791550060064,0.04462407967703906,0.3230984496307352
VW_GrAdExp,0.975371468843876,0.9297377676434668,0.946091255244732,0.0595997094195381,0.05624858074383088,0.05947383618549164,0.3244393234678551,0.30548846734925117,0.3376010666629658,0.7190336081226213,0.9935132733935542,0.812754607844765
VW_GrLTNOA,0.9952175099108996,0.979925095134177,0.9825548440767086,0.041692734977556864,0.04853348470774478,0.043730666786230346,0.11228896901164062,0.12935881524030302,0.13034405532576598,0.41442733236785956,0.9102844245756427,0.7852496193875866
VW_GrSaleToGrInv,0.9783139447070036,0.9369753202447095,0.9201641377374714,0.010679254760169904,0.010626617816654164,0.021796592469813303,0.04646849881347756,0.048751915426485,0.10051793703289236,0.9961727342605123,0.5442171627358526,0.5732476643864829
VW_GrSaleToGrOverhead,0.9815927182024679,0.9445342489047941,0.9584247566263917,0.039366632473749955,0.027719018466943454,0.04433468133099189,0.10138947052481821,0.07239984983916288,0.11761221441364833,0.4915409085299301,0.8648498950464025,0.5070260258690354
VW_Herf,-0.9787191845464608,-0.9303257870082517,0.947013238038362,0.004759570417409463,0.008477825234900996,0.0054193167738891875,0.026293232382787846,0.04734417007216882,0.031551271670739796,0.9637099693297003,0.9933435247223761,0.8158559966609455
VW_HerfAsset,0.993958229793528,-0.9749908113213518,-0.9757241222887191,0.016160398148091188,0.012389830664958528,-0.007139772446244258,0.049827874987483936,0.03796657724870827,-0.023415824577107974,0.644612616894892,0.8702764938807143,0.8914895132003705
VW_HerfBE,0.7497369356872321,0.9644763780249501,0.7873473836432223,0.07569283225505372,0.026401216581885788,0.05235369904470809,0.25692814297892486,0.09171772862984023,0.18967059276253678,0.295213192928041,0.19195696354005964,0.5370939008442562
VW_IndMom,0.9695853937959203,0.9716921966071578,0.9827135808252907,0.15333851131449938,0.16029483172806563,0.14618812384871807,0.34161255664485807,0.3443086535709129,0.33014080500520854,0.9723869428761361,0.6597845970224017,0.4797376942385924
VW_IndRetBig,0.9905716734878426,0.9731748676654808,0.9771982913062232,0.4291346217391677,0.4384118418764133,0.41395304798191995,0.6545192305360487,0.6543141877057227,0.7344868562310746,0.6590969897510068,0.6925034258828728,0.5259899903760638
VW_IntMom,0.9928754264096661,0.9828557867118938,0.9872385718402845,0.1518100869681422,0.14644612338171453,0.13553521170930694,0.27879615005877484,0.2658705548252959,0.257891202277657,0.720420600640451,0.4796705094656615,0.5936326159481718
VW_IntanBM,0.9956404018340744,0.9874739165222696,0.9889282413318785,0.07571987199383581,0.08664541834168668,0.0654087021454308,0.11285473292293301,0.13622499736765536,0.1090205159248228,0.4958804952402915,0.7133047206320281,0.3463959329998115
VW_IntanCFP,-0.9953885749736696,0.9901544442627088,-0.9896695035961045,0.02690060032818357,-0.004192434423244428,0.016525120671075644,0.04180061558659812,-0.006718794265358337,0.027086147980904487,0.9142872490860814,0.6289230163243158,0.9411960796404797
VW_IntanEP,-0.9955136241493051,0.9919419737169807,-0.9914040676781262,0.026901122714631277,-0.005252441961067934,0.003707498873876685,0.044252222992400635,-0.008988192453106454,0.006358531764957422,0.9058101396850763,0.20213530529750195,0.9731091685507245
VW_IntanSP,0.9953868320540353,0.9897162576836569,0.990132398072891,0.06622653056082965,0.06446150662005831,0.06544462475963321,0.09033696019641603,0.0891600199818665,0.09390111642554369,0.9128236517347132,0.9748502274337568,0.9666530086945421
VW_InvGrowth,0.9882332506304338,0.9689666390396467,0.9693594876096531,0.06158777140677183,0.055777651838801824,0.0727365891416059,0.22331824276645548,0.19735997100192917,0.3040178592445286,0.557259573231976,0.5074758178231783,0.3387449859257279
VW_InvestPPEInv,0.6631990058182313,0.5608127985610474,0.951632370477751,0.11045721043325758,0.04406486139220843,0.05178909566420499,0.38250773986845893,0.16013304462604647,0.2069205403433394,0.21006489321184002,0.31360796515268685,0.6916312110482111
VW_Investment,0.9808747561839583,-0.8789952984476527,-0.8856931114517647,0.005611197363940165,0.023803023210477503,-0.003313969376778249,0.019683496182993452,0.08502604121378314,-0.014528828999386166,0.15166211477317323,0.9373428607703768,0.8096927781205314
VW_LRreversal,0.9928402930636411,0.977834631062567,0.9749691837580267,0.22534888017062002,0.20860856665763108,0.20187745471644228,0.510022685146397,0.4681018477993606,0.460922461643757,0.16902907916326837,0.26778390975682836,0.7660732111758242
VW_Leverage,0.9934412980298637,0.9875280544967737,0.9851640502501504,0.03274542080203608,0.02819526045622299,0.020874320935551794,0.05931109059984154,0.050613125101324485,0.039170055898227356,0.7543015369829663,0.5535707190970263,0.7406208632884917
VW_MRreversal,0.9843681083036774,0.9711407551280785,0.9696537591367964,0.15656179548808963,0.1377547753867606,0.15186166656782962,0.3260160018831334,0.26753874691696866,0.30999279433450555,0.38353490704775123,0.8601635904844052,0.6243777232435033
VW_MeanRankRevGrowth,0.9750732691256456,0.9439872257121149,0.9184200463817896,0.03113124872299019,0.04338267981148416,0.03850851913065868,0.12170962088356305,0.16391491788990248,0.14878905443740198,0.36133726250914994,0.7075414674222996,0.8401131933281063
VW_Mom12mOffSeason,0.9907852222344328,0.9822888000645797,0.9890064115580315,0.1801373604398379,0.20175086066559997,0.19367006209331403,0.28229832145125594,0.3256131867056816,0.31564689218801617,0.2787547495858816,0.6220803966494183,0.6991522956185664
VW_MomOffSeason06YrPlus,0.9736789117731296,0.9337224706018319,0.9449059905597283,0.055662196902437636,0.06335013407271715,0.06955980768976307,0.18957332914810077,0.21190797814317372,0.2714242414705814,0.621290272696631,0.5679681057397081,0.7882215409842764
VW_MomOffSeason11YrPlus,0.9791954792933072,0.9466299782544418,0.9482280892468952,0.06825629051434318,0.07573041908221753,0.08408483454652363,0.28164152441416546,0.3163809154068288,0.37891266447001093,0.5059281767478824,0.37710207108777266,0.6308960961970907
VW_MomSeason06YrPlus,0.9941345787479646,0.9843700084775364,0.9845255352900658,0.1405815653081739,0.14906010546996146,0.12443110645824437,0.34906259587576516,0.3753310238426028,0.35355878239941346,0.39526287835851925,0.398299286781933,0.17706239905395307
VW_MomSeason11YrPlus,0.9594676210547128,0.9520391821628045,0.9487173140937627,0.002497077147963049,0.0048587809201595,0.026913674566672825,0.009230007106390528,0.018018456676732252,0.11096484533181465,0.8929402486571455,0.20417942047245813,0.26319992065005665
VW_NOA,0.9894177902119609,0.9791286622964652,0.9753729385936833,0.04343387126844604,0.08587803932331893,0.04362886033858802,0.09141258458174786,0.1736746663477451,0.09581749913303199,0.011522914849758729,0.9929759604647507,0.1003171462245947
VW_NetDebtFinance,0.9859126617986067,0.9205134032564644,0.9225141972951738,0.021649521594278718,0.026892436790830542,0.03263302838078337,0.09654751207934816,0.1239967525133381,0.1844391327669303,0.5427860226781902,0.6026493222608401,0.7720710421390156
VW_NetDebtPrice,0.9949304460100936,0.98463417200979,0.9906365542979568,0.09769864066802685,0.09853248732907696,0.11352478383069795,0.1552832373028658,0.15562481865437974,0.19572047743524087,0.9542333876044735,0.5525699626946822,0.5048275447324113
VW_NetEquityFinance,0.9903039974088609,0.9796313723838509,0.9740863638763658,0.13977410807661858,0.15795613454901739,0.1453537032019049,0.3587640422271186,0.40718243777924096,0.3716122635453535,0.14216087802015562,0.7563532335081146,0.5338313421468536
VW_NetPayoutYield,0.9913394431503509,0.9818003013313584,0.9842978704091194,0.04179820459240737,0.06366764492877826,0.03363825712612452,0.10797181544359112,0.16676530573381934,0.09322784302638687,0.06056302285481471,0.6380391359702092,0.05756133937196482
VW_NumEarnIncrease,0.9974895084403979,0.9554924953786166,0.9543044307537428,0.04449960606505841,0.045651370078362855,0.03495379590152061,0.21394904854016708,0.21817823154422597,0.18484562353261044,0.7336830495620701,0.500804578340028,0.45998923477343995
VW_OperProf,0.9835924561535448,0.9728556860217946,0.9839682449205495,0.05847920171019823,0.06959513984515184,0.07908856985136455,0.16875879950505196,0.19635346722780483,0.22711964803459214,0.44664764147861646,0.2651820099470591,0.5106138017340112
VW_OperProfRD,0.9931991748750071,0.9825563456674711,0.9863584056416053,0.14280707334943785,0.14441606091813997,0.13800466287878613,0.37808948134214176,0.3825293796082078,0.3742639810838729,0.8727906003554735,0.7645969375073297,0.6517902756461633
VW_OptionVolume1,0.9671654574224426,0.8936596942596429,0.944344696712973,0.10095263919279154,0.11157409227018206,0.08438193954834017,0.2881156122296246,0.2752799394351456,0.2435715085567963,0.6752669710107917,0.6514437320725764,0.3888426235867045
VW_OptionVolume2,0.9774273249910527,0.9416290349529142,0.9344978136684975,0.04933556739844538,0.07621534924394194,0.043475903695046725,0.20233167573770255,0.3061706661773905,0.21429846535873678,0.02589406775119606,0.7661212311036166,0.1257289004146855
VW_OrderBacklog,-0.9949234993579048,0.9573557983722208,-0.9505229751888653,0.01848546214814651,-0.012877664924055456,0.019911592006076395,0.11860689199166727,-0.08142068312089834,0.14604348608361367,0.6612426083639045,0.8938272759114932,0.6213438070883749
VW_OrderBacklogChg,-0.9935824954610334,-0.9768094340381921,0.9709430714428731,0.0111036428874884,-0.006449308239203488,-0.009760895566772978,0.0611028098016705,-0.03486027785748567,-0.05754158840354,0.8335882452897165,0.7935052147536444,0.7491699398792341
VW_OrgCap,0.988174494270297,0.9711126954126452,0.9777816504594046,0.06544347261709825,0.0860035247656377,0.07540021842708126,0.23743868113439812,0.32683082862260554,0.2650879163172048,0.03813467271011969,0.5204682685374289,0.449973701137904
VW_PS,0.9956621562952759,0.9772845580879046,0.9814682602715061,0.043296721234824705,0.05723804591627412,0.049517535121175536,0.09673580049224209,0.1265470822478103,0.11412147195688274,0.14832647855856484,0.7739554898986574,0.6982024637823104
VW_PayoutYield,0.9830277745971806,0.9362434827379689,0.9448281358592054,0.0632366928607896,0.054258495028604095,0.0697782899079454,0.23673826960188754,0.20387951862943163,0.32655421639472804,0.4235291429244134,0.7758133095282265,0.47426646823910207
VW_PctAcc,0.9958527675553802,0.9728509261874159,0.9713836404933499,0.058690201072140305,0.0708096706565765,0.0727976206561886,0.1512573283364547,0.18709570236758402,0.18820620819519066,0.14304204250675628,0.4936619213164532,0.9244793716830366
VW_PctTotAcc,0.989644283576085,0.9578343011635855,0.9638724931564132,0.039405265330601964,0.029026443998745665,0.020897335149833548,0.11806786849212976,0.08450441664121636,0.06787551704250827,0.36041840447071427,0.40152099455118145,0.7058818864713972
VW_PredictedFE,0.9949134631384554,0.9683983964514193,0.9622317834913285,0.022139085111394886,0.026744040557608328,0.020654220260480877,0.08614996224355566,0.10276459083286847,0.0878097600930817,0.44292004002122787,0.9208940080448402,0.7126581056923862
VW_RDS,0.9756561853213042,0.9470763247232881,0.9202266059367396,0.05853468473975797,0.04114564326825663,0.045443167939101255,0.22790682238040108,0.1674134998920186,0.2138396624591349,0.17846975246095959,0.5145369187053385,0.8462910559227051
VW_REV6,0.9934352429535217,0.9810431918713762,0.9839488351377133,0.02957211035506708,0.04866832100955237,0.03162746104642754,0.06058494217282063,0.10091332252367152,0.0697170840702954,0.13528719872264,0.9266816053317523,0.3994107238540574
VW_RIVolSpread,0.9762170900961968,0.9514456128317469,0.9747319259610953,0.0408590208396199,0.038226366750709735,0.0779491088636824,0.1096447884728302,0.10481663943743463,0.21337770235698583,0.8864424614972913,0.1591624061960229,0.03474220171409925
VW_ResidualMomentum,0.983774834506228,0.9355758699389177,0.9493395525059194,0.11405003995489925,0.1112407486704387,0.09854043915493531,0.3652322945630708,0.36028442853486925,0.3249214603398988,0.8261235631048703,0.5398288094734393,0.568441726988336
VW_RevenueSurprise,0.9925731368256547,0.9851871881537118,0.9863195028333716,0.05224937955275339,0.055150114545292825,0.04879821906702311,0.14761103055254932,0.16503975304847845,0.15969064850286865,0.7839228703938069,0.8390573091269692,0.643245002088987
VW_RoE,0.9916403963511473,0.9769861598436642,0.972503003491241,0.18488052041205363,0.1994108852244632,0.1843878884179893,0.3828665681932753,0.39789477549087576,0.4235357480930345,0.3364318862668352,0.9842326528506412,0.6064906492500517
VW_ShareIss1Y,0.9881530891828835,0.9767636353146014,0.9750151925191087,0.04353794380695717,0.05553222193643135,0.04524563926090785,0.14406943943736714,0.1879386094058019,0.16143421307567285,0.2587844970639317,0.9103385938716606,0.4954440622084805
VW_ShareIss5Y,0.934802429605314,0.938751910769824,0.9160424762405922,0.01415908665914753,0.012055208667035076,0.019418947581551764,0.06676765765325056,0.05814400266710592,0.09757035722083315,0.9032652711182437,0.7524401967092554,0.699695601330176
VW_SInterest,0.9958392892927653,0.9807477362199439,0.9868760188699797,0.1699094625328961,0.1491472230418895,0.1261010193243464,0.24300842960117475,0.21329072383691236,0.19390792557589673,0.15460803302880674,0.17432842648216104,0.3992092023616369
VW_SmileSlope,0.9769618644998842,0.9358078033650975,0.9154994720605465,0.0519727732597201,0.04775130659054635,0.05578227105032678,0.1542489159686838,0.15136863709477322,0.1852761276529661,0.800483939169139,0.889003128185089,0.7825354675945979
VW_Tax,0.9958669265294875,0.9752974399932155,0.9747714833159841,0.03240636552219354,0.03400640119875189,0.03214509401080943,0.0945952946703516,0.09820237824283855,0.11217139635089586,0.824027653456996,0.9897772478299607,0.9297963008366718
VW_TotalAccruals,0.9847639073240178,0.9626120050757981,0.9569685005897686,0.051009486266952855,0.061551069724842054,0.05607391604651068,0.20756674187002885,0.2425176398681685,0.259723788694235,0.2979201987684495,0.7501805810390383,0.7595991081948936
VW_TrendFactor,0.9188801843392667,0.9494506235535978,0.9661922123785489,0.37152974400084704,0.37697130579489746,0.3861004448363912,0.724327801763034,0.7246865747001543,0.7996065507602285,0.9087986810685187,0.6918100356532728,0.7679013119256257
VW_VarCF,0.9966563097792098,0.9891478090440403,0.9929333840247516,0.290890362127776,0.28630439901944627,0.26795264439925537,0.37231422148978915,0.36929737299249854,0.35538119933040097,0.7532520089827384,0.3878670109837271,0.3892932141458284
VW_VolMkt,0.9891195305586388,0.9805604583476496,0.9926774531121693,0.044749508543137646,0.03924295186194162,0.04045904441092668,0.05921365544227186,0.051325299247610943,0.054904685642896654,0.8301244894224212,0.8991338437241139,0.9552438436043319
VW_VolSD,0.9682839294836973,0.9554356370830451,0.967727647918085,0.054449531650023204,0.0331797940712743,0.05694923205780732,0.13898039658434588,0.07748021163290798,0.12966238661798343,0.3945938413784327,0.9341609963181393,0.34725807230235234
VW_VolumeTrend,0.985321428412093,0.9738237338029175,0.9709893132580881,0.006114646987040925,0.0007811149867943637,0.0023745796414492474,0.01488978397377157,0.0019358711614196815,0.005757342314589831,0.7388656111124647,0.8618375556903024,0.9435749387993618
VW_XFIN,0.9714808550437755,0.9717194089637051,0.9664039645509367,0.05647652140934969,0.07320483813050561,0.06776052637212962,0.1601583859803767,0.2087864900920591,0.21342400262982214,0.38317108198205574,0.5698188996409479,0.7966995854727836
VW_cfp,0.9965700833802191,0.9778141443024996,0.9808187650123993,0.058685656333023355,0.046246655524131035,0.028226534108795224,0.08839102820476233,0.0712943035726439,0.04396245464826929,0.33470564497968647,0.3382465264442697,0.5328302839639817
VW_dCPVolSpread,0.9835556179183419,0.9718618327176384,0.9618458110822025,0.05463478916840835,0.04536696139194678,0.04897296507697755,0.17238999546958567,0.14904100927947858,0.17594548683393602,0.4817332504466023,0.7574223896930965,0.8516794420155712
VW_dNoa,0.9881069971237909,0.9551459055754461,0.9586249783087116,0.09017970605254176,0.07655716007755284,0.07597429468164829,0.31358233321600043,0.27712280967309744,0.3125740509053217,0.18466030604710673,0.493350584591696,0.9750257127149856
VW_dVolCall,0.989313366750459,0.978527410354738,0.9807093487859012,0.2703400485491882,0.30064042903765725,0.31479661417872895,0.5013711525583167,0.5979392923011317,0.6408993709876817,0.11650965944429702,0.09674254233413293,0.528120934931594
VW_dVolPut,0.9887587091391878,0.976912638779057,0.9771959308524842,0.15002695050669862,0.16437652268645767,0.21053248412872197,0.3271693777263293,0.38048014076071746,0.4840621695669852,0.3816141628917917,0.007757127685144555,0.029788982796865704
VW_fgr5yrLag,0.9671284780795374,0.9543541942094975,0.9490573258884627,0.041614989889686364,0.014665376298039542,0.04123338268779174,0.16372673536946925,0.05656839892891398,0.1737760474682857,0.07458527721973317,0.9824660569683066,0.1573154407619409
VW_grcapx,0.9882547495200391,-0.8177237537218596,-0.8494378617411618,0.0012239310592133343,0.02425708755582769,-0.005945033597705877,0.0038614668340434238,0.07747059406031286,-0.021365360897783025,0.038045316724777,0.9558530090615825,0.8159803135941269
VW_grcapx3y,0.9735403307486385,0.9591878391223289,0.9717390973399458,0.06045268170760418,0.02894160307688519,0.022566179485018104,0.14404836591323603,0.07311290704553018,0.062044145009132426,0.1543242951884008,0.18441145858598232,0.7704747459441547
VW_hire,0.944952626355909,0.8938496161708527,0.9596633574442848,0.11845568775383516,0.0834521634952048,0.08260628132586181,0.5407495510123698,0.3658290850386105,0.3609534010135024,0.0409826243696046,0.13044120643066007,0.9544485734761838
VW_iomom_cust,0.9936491053980985,0.9576348820743121,0.9631966790388308,0.13363416573878112,0.10616562833624557,0.11136423801608548,0.3524108061385435,0.2803983009923786,0.3186607898406778,0.005702704925733337,0.3669108921464456,0.8529196857544838
VW_iomom_supp,0.9959194733294155,0.9878632014784992,0.9867369076318748,0.04791606318991609,0.0459742027637358,0.07276885999340364,0.11790587586212177,0.11255306478896267,0.18427269061954774,0.8174341501391207,0.08711201940114267,0.0797757418417511
VW_realestate,0.9348593321448222,0.8533671858967069,0.911053705174545,0.014914382018043262,0.010577093983279,0.006836898546220864,0.10192887047730756,0.07883448506260615,0.052787908437685015,0.7148011216471779,0.6432673328715778,0.7689294657799527
VW_retConglomerate,0.9929757906102576,0.9744416201986567,0.9787232577176778,0.11002196434526734,0.1285300450378848,0.1394132367983894,0.30703817918135307,0.36010701810922124,0.41785217098819594,0.056776188531564915,0.1171007475080072,0.5244007449794926
VW_roaq,0.9886324609152926,0.9790576368515147,0.9810290616870831,0.18900647317091726,0.15586329734660753,0.16919231503662796,0.28904920308221743,0.2304700286311507,0.2706031825118657,0.158308800269965,0.5170090357040993,0.6688763363917158
VW_sfe,0.9975058165502844,0.9153740484175558,0.9162094304263968,0.0222906263164467,0.029415700588793416,0.02071716133414449,0.06111450762330733,0.08090065672414948,0.0713040214688617,0.22590372596814837,0.9640736090776313,0.801709055446347
VW_skew1,0.9899432790871299,0.9692964761153372,0.9673816374789899,0.10792255448129323,0.10318562253586383,0.050180888680982305,0.29769947188006424,0.2876424626091466,0.1409859061758037,0.6856670192698708,0.0049408718733619265,0.011520889712719131
VW_tang,0.9885223233922531,-0.9620067522895169,-0.9795097083925345,0.00910854447149888,0.012004740982487655,-0.0027545607900681694,0.032180578743603444,0.04304924008165028,-0.010841331478199332,0.7666637854720734,0.922149021290264,0.902900121089706
VW_zerotrade,0.9954223036276172,0.9866343415309891,0.9888669165230289,0.14074432410951196,0.12315828882306415,0.12851093117620177,0.22631055645810086,0.20074829048401138,0.2146186954032768,0.19749064648439238,0.6007304722592323,0.7979477623404297
VW_zerotradeAlt1,0.9964992016117348,0.9913688602197359,0.9917294660566673,0.09411563481859286,0.07483270703494471,0.06928521825638263,0.15586118494877016,0.12360220012872662,0.1173935276596504,0.09600211696517896,0.17252064592592453,0.7564224428755206
VW_zerotradeAlt12,0.995196939190377,0.9877303563509373,0.98728691919875,0.1207482469185109,0.11309116751618084,0.10364249857560734,0.22547030773623003,0.20994522204580943,0.19688402916075712,0.5247188497826345,0.37068290579591456,0.6294006200639863
VW_4_book_prc,0.9497768969046787,0.9826021094555792,0.9499022892358759,0.03405211103468425,0.037906048105836664,0.00808714271700966,0.06321664762227733,0.06390853047698164,0.016033832775559465,0.928122218841378,0.2703096262160084,0.5019654860840349
VW_5_debt_ebitda,0.9970517584849641,0.9687106795308686,0.9685746953640034,0.04214120867386232,0.02834458308461561,0.03836213844993171,0.10938354497171668,0.07352192586298968,0.09880670734982258,0.04195730582472071,0.8641426912279992,0.6510001055302184
VW_8_ni_me,0.989940618401922,0.9646220814634151,0.9574742818863518,0.23803342238977784,0.2687194203200269,0.23722418556783165,0.5714674836123317,0.6687798362506898,0.5758703087987632,0.025465147676551364,0.9743441913868081,0.24708036863461472
VW_9_me,0.9956138435460785,0.9927935704309584,0.9916563627455962,0.1812378378358936,0.17936069314723826,0.16621729859034404,0.20554539905765415,0.1992971403051888,0.2025918463935875,0.9232562346037371,0.580543549394977,0.6731756233481803
VW_10_eqtyvol,0.9950759223187081,0.9867513316928774,0.9885248586072872,0.35731488701270436,0.32345132356792405,0.3112624557136706,0.42315053265038827,0.3804241474510018,0.3867513074938567,0.07927596568666105,0.15006213518776265,0.6886462591377964
VW_11_totaldebt,0.991389101120939,0.9713602195799242,0.9778690969158479,0.05208647322652868,0.07748545323205336,0.044713825233891044,0.09571816769169508,0.14373599592413067,0.08705699881011957,0.11923024782016274,0.8039583842872412,0.20687583424222428
VW_15_book_lev,0.9809824246871187,0.9702198596692089,0.969544026119867,0.01540061070586613,0.003779133582953995,0.020240573415341055,0.05068900675586373,0.012617977040533385,0.07088903713769694,0.3882824549711513,0.7749133675075408,0.3269094203251368
VW_16_mkt_lev,0.9968452282784686,0.9870130074788797,0.9832353008875825,0.07857113711200552,0.08907350199749686,0.08542738341930244,0.12747373179227586,0.1471925209619206,0.1503420854442586,0.35572457364730636,0.7785425305936501,0.8880836376715777
VW_17_turnvol,0.9975626540473088,0.9822765877881984,0.9828058976780129,0.09215236905944324,0.09839002941588483,0.09220941955163989,0.21669340250101396,0.23289948311850758,0.21023754056083757,0.35819842487119646,0.9975787957393796,0.7394529080497659
VW_19_oper_lvg,0.9838228796697813,0.9652368738157386,0.9838199780151397,0.005314075407011338,0.029199780967198104,3.0202327332170605e-05,0.013245692658222251,0.06823494952778615,8.090166175906704e-05,0.1869712504394763,0.8267233095026073,0.15769373199288464
VW_20_gp_at,0.9933108665282832,0.9782548381431129,0.9759805734050658,0.012711322307312988,0.028915671878983213,0.012767797594602209,0.028776099681241556,0.06692994099118212,0.03209016908949257,0.1683711483847818,0.9979809414952211,0.4662497459111759
VW_21_chg_gp_at,0.9129686217315676,0.8828394435806838,0.9207394405854378,0.012777988112982735,-0.0011413114572128953,0.006810172488113045,0.06536593522023443,-0.005754672384527038,0.037461040685803526,0.45825681983129607,0.7768516216247825,0.6525515111845382
VW_23_D2D,0.9981175960232936,0.9919857780767649,0.9927497731893776,0.09557937729438083,0.08379334556474935,0.07801958281520165,0.13203456341045172,0.116414045195684,0.11104856192756679,0.24621887675974719,0.40714092973565713,0.7720599664053173
